activity_id,date,name,distance_km,elapsed_time_s,moving_time_s,avg_speed_m_s,elevation_gain_m,avg_cadence_spm,calories,training_load,intensity,grade_adjusted_distance_km,pace_min_km,pace_sec_km,week
8771238481,2023-03-24 19:59:41,Corridinha c/ reri,9.2,6051,3246.0,2.836,41.0,,,,,9432.6,5.880434782608696,352.82608695652175,2023-03-20/2023-03-26
8829163174,2023-04-04 08:00:17,Corrida matinal,4.61,1665,1531.0,3.013,14.2,,,,,4642.0,5.5350686912509035,332.1041214750542,2023-04-03/2023-04-09
8970692971,2023-04-28 08:04:07,Parque das Graças ,3.26,1014,939.0,3.474,2.4,,,,,3254.2,4.800613496932516,288.03680981595096,2023-04-24/2023-04-30
9038226577,2023-05-09 08:22:34,Corrida matinal com Uly e Toni,7.43,3053,3045.0,2.44,34.2,,,,,7535.3,6.830417227456259,409.8250336473755,2023-05-08/2023-05-14
9355138685,2023-06-29 08:07:29,Corridinha matinal com Uly ,5.05,2209,1571.0,3.218,8.3,,,,,5074.7,5.184818481848185,311.0891089108911,2023-06-26/2023-07-02
9382776732,2023-07-03 19:33:14,Corrida com Jah,4.25,1786,1235.0,3.443,33.5,,,,,4364.6,4.8431372549019605,290.5882352941176,2023-07-03/2023-07-09
9424507597,2023-07-10 13:57:29,Beira rio,5.1,1601,1474.0,3.464,2.4,,,,,5107.2,4.816993464052288,289.0196078431373,2023-07-10/2023-07-16
9474086616,2023-07-18 11:41:29,Vida fit,7.23,2651,2342.0,3.089,19.1,,,,,7263.9,5.398801290917473,323.92807745504837,2023-07-17/2023-07-23
9548700401,2023-07-30 09:41:08,Corridona matinal,10.13,3659,3489.0,2.906,28.9,,,,,10246.8,5.740375123395853,344.4225074037512,2023-07-24/2023-07-30
9739468235,2023-08-28 22:10:42,To de volta,7.16,2803,2652.0,2.7,14.0,,,,,7203.2,6.1731843575419,370.39106145251395,2023-08-28/2023-09-03
9752553085,2023-08-30 22:13:19,Tamo indo,8.04,3012,2879.0,2.796,23.4,,,,,8130.5,5.968076285240465,358.0845771144279,2023-08-28/2023-09-03
9813954514,2023-09-09 10:32:55,Corrida matinal,12.04,4308,4285.0,2.812,155.3,,,,,12962.1,5.931616832779624,355.89700996677743,2023-09-04/2023-09-10
9859241744,2023-09-16 10:14:29,Corrida matinal,5.0,1876,1781.0,2.81,10.7,,,,,5039.8,5.9366666666666665,356.2,2023-09-11/2023-09-17
9933733089,2023-09-27 22:40:28,"Fiz esse caminho duas vezes, mas esqueci de gravar a primeira",2.52,993,827.0,3.056,6.3,,,,,2539.5,5.469576719576719,328.1746031746032,2023-09-25/2023-10-01
9978090810,2023-10-04 21:56:43,Corrida ao entardecer,1.64,432,432.0,3.809,3.0,,146.0,,,1648.6,4.390243902439025,263.4146341463415,2023-10-02/2023-10-08
10138751712,2023-10-31 20:47:18,Trotezinho,8.26,4388,3440.0,2.401,21.0,,,,,8294.5,6.941081517352704,416.4648910411622,2023-10-30/2023-11-05
10164816899,2023-11-05 13:07:22,Com a irma,4.03,1657,1415.0,2.853,6.8,,,,,4048.9,5.851943755169561,351.1166253101737,2023-10-30/2023-11-05
10179014518,2023-11-07 20:29:04,Tone tony morreu,4.4,2112,1749.0,2.519,2.0,,,,,4405.7,6.624999999999999,397.49999999999994,2023-11-06/2023-11-12
10324324575,2023-12-03 19:56:52,Afternoon Run,3.29,4408,1075.0,3.062,4.0,75.0,335.0,,,3303.0,5.445795339412361,326.7477203647416,2023-11-27/2023-12-03
10339612365,2023-12-06 18:34:39,Afternoon Run,9.99,5695,3730.0,2.679,0.0,73.0,721.0,,,10015.5,6.222889556222889,373.37337337337334,2023-12-04/2023-12-10
10401699904,2023-12-18 20:37:51,Afternoon Run,8.66,3659,3201.0,2.708,2.0,74.0,667.0,,,8680.4,6.160508083140877,369.6304849884526,2023-12-18/2023-12-24
10456115180,2023-12-29 12:50:31,Corrida matinal,8.07,2968,2679.0,3.012,139.7,,,,,9204.9,5.532837670384138,331.97026022304834,2023-12-25/2023-12-31
10686779085,2024-02-03 11:58:12,Corrida matinal,3.92,1294,1254.0,3.132,7.7,,,,,3934.6,5.331632653061225,319.8979591836735,2024-01-29/2024-02-04
10809815129,2024-02-21 18:53:09,Corrida vespertina,7.4,3888,2605.0,2.841,11.0,,,,,7412.0,5.867117117117116,352.02702702702703,2024-02-19/2024-02-25
10988955124,2024-03-18 21:16:35,Evening Run,1.22,430,352.0,3.476,0.0,78.0,53.0,,,1220.3,4.808743169398907,288.5245901639344,2024-03-18/2024-03-24
11116890855,2024-04-06 08:08:03,Morning Run,10.07,3957,3696.0,2.724,15.0,75.0,754.0,,,10107.4,6.117179741807348,367.0307845084409,2024-04-01/2024-04-07
11137065793,2024-04-08 18:52:57,Trotezinho com Miguel,7.37,3001,2805.0,2.629,10.2,,,,,7408.1,6.343283582089552,380.5970149253731,2024-04-08/2024-04-14
11201132400,2024-04-17 09:42:37,Morning Run,1.7,1005,542.0,3.139,0.0,76.0,96.0,,,1727.1,5.313725490196078,318.8235294117647,2024-04-15/2024-04-21
11215771444,2024-04-19 10:22:54,Morning Run,4.64,1652,1644.0,2.827,4.0,75.0,333.0,,,4665.2,5.905172413793103,354.3103448275862,2024-04-15/2024-04-21
11237488695,2024-04-22 09:29:19,Morning Run,9.12,3333,3274.0,2.786,13.0,75.0,684.0,,,9137.7,5.983187134502925,358.99122807017545,2024-04-22/2024-04-28
11256503474,2024-04-24 19:13:19,Afternoon Run,9.19,3452,3231.0,2.846,16.0,78.0,681.0,,,9226.0,5.859630032644179,351.57780195865075,2024-04-22/2024-04-28
11308080298,2024-04-28 10:27:57,Morning Run,7.69,3019,2746.0,2.801,7.0,77.0,551.0,,,7694.0,5.951452102297355,357.0871261378413,2024-04-22/2024-04-28
11412664781,2024-05-14 22:11:44,Afternoon Run,15.19,5549,5428.0,2.8,26.0,77.0,1062.0,,,15235.6,5.955672591617293,357.34035549703754,2024-05-13/2024-05-19
11497809307,2024-05-25 22:19:57,Evening Run,9.94,3449,3449.0,2.883,26.0,78.0,764.0,,,10003.4,5.783031522468143,346.98189134808854,2024-05-20/2024-05-26
11578962095,2024-06-05 11:49:33,Morning Run,1.73,551,544.0,3.183,0.0,82.0,87.0,,,1735.7,5.240847784200385,314.4508670520231,2024-06-03/2024-06-09
11606532989,2024-06-07 11:40:56,Morning Run,4.75,1803,1780.0,2.671,8.0,75.0,356.0,,,4766.3,6.245614035087719,374.7368421052632,2024-06-03/2024-06-09
11606533139,2024-06-08 18:15:35,Afternoon Run,7.63,3000,2983.0,2.56,4.0,76.0,595.0,,,7639.7,6.515945827872434,390.956749672346,2024-06-03/2024-06-09
11621656502,2024-06-10 18:54:25,Afternoon Run,7.07,2763,2715.0,2.607,6.0,76.0,526.0,,,7085.5,6.4002828854314,384.016973125884,2024-06-10/2024-06-16
11634216846,2024-06-12 10:51:40,Morning Run,6.23,2503,2400.0,2.598,13.0,75.0,454.0,,,6267.7,6.420545746388442,385.23274478330654,2024-06-10/2024-06-16
11649987449,2024-06-14 11:47:36,Morning Run,4.54,1794,1752.0,2.592,2.0,74.0,335.0,,,4540.6,6.431718061674008,385.9030837004405,2024-06-10/2024-06-16
11657982085,2024-06-15 12:08:57,Morning Run,14.31,5401,5347.0,2.677,32.0,77.0,1023.0,,,14381.6,6.2275797810389,373.654786862334,2024-06-10/2024-06-16
11673215566,2024-06-17 13:17:41,Morning Run,6.62,2700,2683.0,2.47,9.0,73.0,532.0,,,6624.8,6.754783484390735,405.2870090634441,2024-06-17/2024-06-23
11687869357,2024-06-19 09:32:37,Morning Run,7.3,2884,2786.0,2.62,34.0,73.0,545.0,,,7394.4,6.360730593607306,381.64383561643837,2024-06-17/2024-06-23
11704539878,2024-06-21 12:25:45,Morning Run,6.92,2401,2284.0,3.03,9.0,78.0,486.0,,,6946.3,5.500963391136802,330.0578034682081,2024-06-17/2024-06-23
11712282656,2024-06-22 12:19:08,Morning Run,15.44,5965,5821.0,2.653,30.0,78.0,1154.0,,,15495.8,6.28346286701209,377.0077720207254,2024-06-17/2024-06-23
11730875995,2024-06-24 20:14:12,Afternoon Run,7.11,2701,2684.0,2.651,9.0,78.0,497.0,,,7144.5,6.291608063759963,377.49648382559775,2024-06-24/2024-06-30
11744026505,2024-06-26 12:13:21,Morning Run,8.38,3001,2935.0,2.858,9.0,78.0,593.0,,,8403.5,5.83731105807478,350.23866348448684,2024-06-24/2024-06-30
11758793882,2024-06-28 11:08:10,Corrida com gayao,2.82,970,942.0,2.995,2.0,79.0,187.0,,,2800.3,5.567375886524823,334.0425531914894,2024-06-24/2024-06-30
11765788869,2024-06-29 08:36:19,Morning Run,16.5,6300,6031.0,2.736,34.0,78.0,1193.0,,,16534.6,6.0919191919191915,365.5151515151515,2024-06-24/2024-06-30
11781819245,2024-07-01 12:13:18,Morning Run,6.82,2700,2689.0,2.539,17.0,77.0,499.0,,,6866.5,6.5713587487781036,394.2815249266862,2024-07-01/2024-07-07
11798891937,2024-07-03 13:41:06,Morning Run,9.12,3553,3453.0,2.642,2.0,78.0,657.0,,,9143.7,6.31030701754386,378.6184210526316,2024-07-01/2024-07-07
11813322775,2024-07-05 10:17:10,Morning Run,6.79,2647,2536.0,2.681,9.0,76.0,476.0,,,6821.7,6.2248404516445754,373.4904270986745,2024-07-01/2024-07-07
11822001917,2024-07-06 11:58:32,Morning Run,7.18,2400,2335.0,3.076,8.0,80.0,479.0,,,7196.4,5.4201485608170845,325.2089136490251,2024-07-01/2024-07-07
11837893985,2024-07-08 13:29:39,Morning Run,7.58,3000,2987.0,2.54,18.0,78.0,553.0,,,7627.5,6.567722075637643,394.0633245382586,2024-07-08/2024-07-14
11870323699,2024-07-10 18:31:04,Afternoon Run,6.6,2400,2339.0,2.824,2.0,79.0,455.0,,,6619.6,5.9065656565656575,354.39393939393943,2024-07-08/2024-07-14
11870325427,2024-07-12 13:14:05,Morning Run,8.17,3060,2937.0,2.785,4.0,79.0,576.0,,,8183.9,5.991432068543452,359.4859241126071,2024-07-08/2024-07-14
11876035152,2024-07-13 08:16:46,Morning Run,17.12,5917,5911.0,2.898,33.0,80.0,1142.0,,,17229.4,5.754478193146417,345.26869158878503,2024-07-08/2024-07-14
11896552212,2024-07-15 19:02:17,Afternoon Run,8.24,3000,2958.0,2.786,6.0,76.0,578.0,,,8263.1,5.983009708737864,358.9805825242718,2024-07-15/2024-07-21
11910740025,2024-07-17 12:53:31,Morning Run,4.35,1551,1551.0,2.81,2.0,80.0,293.0,,,4372.9,5.942528735632185,356.55172413793105,2024-07-15/2024-07-21
11927916793,2024-07-19 14:15:12,Lunch Run,4.6,1759,1731.0,2.658,7.0,75.0,342.0,,,4641.8,6.271739130434783,376.304347826087,2024-07-15/2024-07-21
12019004736,2024-07-29 20:58:43,Afternoon Run,6.68,2700,2628.0,2.542,8.0,73.0,497.0,,,6706.1,6.5568862275449105,393.41317365269464,2024-07-29/2024-08-04
12058085444,2024-08-02 21:02:42,Evening Run,6.52,2701,2577.0,2.531,4.0,76.0,500.0,,,6531.0,6.587423312883437,395.2453987730062,2024-07-29/2024-08-04
12058974048,2024-08-04 09:25:18,Morning Run,12.82,4691,4589.0,2.794,18.0,78.0,914.0,,,12871.3,5.965938637545502,357.9563182527301,2024-07-29/2024-08-04
12076559707,2024-08-06 10:58:51,Morning Run,10.01,3960,3690.0,2.714,20.0,78.0,715.0,,,10055.1,6.143856143856144,368.6313686313686,2024-08-05/2024-08-11
12085792401,2024-08-07 11:20:50,Morning Run,10.63,3689,3605.0,2.95,12.0,79.0,720.0,,,10656.9,5.652242082157416,339.1345249294449,2024-08-05/2024-08-11
12106265544,2024-08-09 21:08:12,Evening Run,6.6,2700,2555.0,2.585,11.0,77.0,492.0,,,6639.9,6.452020202020202,387.1212121212121,2024-08-05/2024-08-11
12109398293,2024-08-10 08:25:51,Morning Run,10.9,3930,3874.0,2.814,15.0,80.0,726.0,,,10946.8,5.92354740061162,355.4128440366972,2024-08-05/2024-08-11
12131752159,2024-08-12 21:34:31,Evening Run com Uly miguel e heitor,7.01,3277,2766.0,2.535,7.0,77.0,496.0,,,7037.6,6.576319543509273,394.5791726105564,2024-08-12/2024-08-18
12143966761,2024-08-14 08:10:55,Morning Run,14.03,6724,5195.0,2.701,35.0,80.0,934.0,,,14081.9,6.171299596103587,370.27797576621526,2024-08-12/2024-08-18
12165770774,2024-08-16 21:26:20,Evening Run,9.08,3660,3600.0,2.523,26.0,78.0,665.0,,,9120.5,6.607929515418502,396.4757709251101,2024-08-12/2024-08-18
12169157710,2024-08-17 09:13:37,Morning Run,12.56,4500,4427.0,2.838,13.0,80.0,864.0,,,12589.1,5.874469214437367,352.468152866242,2024-08-12/2024-08-18
12190950633,2024-08-19 21:17:53,Evening Run,8.63,3026,3000.0,2.878,2.0,79.0,592.0,,,8641.7,5.793742757821552,347.62456546929315,2024-08-19/2024-08-25
12224887560,2024-08-23 20:33:03,Afternoon Run,5.66,3128,2304.0,2.457,4.0,78.0,415.0,,,5706.3,6.784452296819787,407.0671378091873,2024-08-19/2024-08-25
12237399828,2024-08-25 08:42:22,Morning Run,21.0,7078,7078.0,2.968,96.0,80.0,1508.0,,,21169.8,5.617460317460318,337.04761904761904,2024-08-19/2024-08-25
12273084323,2024-08-29 13:08:38,Morning Run,8.06,2951,2911.0,2.771,22.0,78.0,595.0,,,8095.8,6.019437551695615,361.16625310173697,2024-08-26/2024-09-01
12310089421,2024-09-02 20:12:47,Afternoon Run,7.49,2784,2700.0,2.776,6.0,78.0,522.0,,,7517.7,6.008010680907877,360.4806408544726,2024-09-02/2024-09-08
12344123455,2024-09-06 19:43:32,Afternoon Run,18.01,7434,6875.0,2.62,22.0,78.0,1309.0,,,18038.5,6.362206181750878,381.73237090505273,2024-09-02/2024-09-08
12369803889,2024-09-09 21:05:30,Evening Run,6.42,3391,2699.0,2.381,7.0,76.0,449.0,,,6445.4,7.006749740394601,420.404984423676,2024-09-09/2024-09-15
12387178328,2024-09-11 20:31:02,Afternoon Run,8.28,3258,2916.0,2.84,4.0,77.0,567.0,,,8281.3,5.869565217391305,352.1739130434783,2024-09-09/2024-09-15
12440805887,2024-09-18 11:01:03,Morning Run,5.04,2315,2170.0,2.326,13.0,77.0,362.0,,,5070.1,7.175925925925926,430.55555555555554,2024-09-16/2024-09-22
12471132238,2024-09-21 21:04:51,Amo recife,20.84,7253,7253.0,2.874,76.0,80.0,1464.0,,,20971.2,5.800543825975688,348.03262955854126,2024-09-16/2024-09-22
12599378721,2024-09-29 09:11:46,Morning Run,16.08,7749,6806.0,2.363,73.0,77.0,1075.0,,,16197.0,7.054311774461029,423.25870646766174,2024-09-23/2024-09-29
12575582326,2024-10-04 22:08:14,Corrida ao entardecer,4.58,1634,1581.0,2.9,12.5,,407.0,,,4602.3,5.753275109170306,345.1965065502183,2024-09-30/2024-10-06
12664331878,2024-10-07 17:45:34,Afternoon Run,5.38,2237,1978.0,2.721,20.0,81.0,367.0,,,5440.8,6.1276332094175965,367.6579925650558,2024-10-07/2024-10-13
12664682819,2024-10-15 20:21:43,Afternoon Run,10.03,3948,3824.0,2.623,15.0,79.0,751.0,,,10076.0,6.354270521768029,381.25623130608176,2024-10-14/2024-10-20
12897450834,2024-11-06 20:06:27,Afternoon Run,8.03,3292,3054.0,2.63,15.0,81.0,599.0,,,8074.8,6.338729763387298,380.3237858032379,2024-11-04/2024-11-10
13050674454,2024-12-05 08:14:40,Morning Run,8.33,3515,3398.0,2.454,37.0,78.0,614.0,,,8364.8,6.798719487795118,407.92316926770707,2024-12-02/2024-12-08
13189567887,2024-12-25 19:40:25,Afternoon Run,13.02,5770,4947.0,2.632,30.0,78.0,985.0,,,13031.0,6.332565284178187,379.95391705069125,2024-12-23/2024-12-29
13221586282,2024-12-30 09:11:08,Morning Run,6.79,2704,2704.0,2.511,16.0,79.0,495.0,,,6781.9,6.637211585665194,398.23269513991164,2024-12-30/2025-01-05
13490667633,2025-01-30 08:29:54,Morning Run,4.2,1981,1930.0,2.178,0.0,74.0,303.0,,,4211.9,7.658730158730158,459.5238095238095,2025-01-27/2025-02-02
13523406745,2025-02-02 20:18:53,Afternoon Run,6.43,2834,2816.0,2.287,18.0,77.0,471.0,,,6454.9,7.299118714359771,437.9471228615863,2025-01-27/2025-02-02
13532697754,2025-02-03 23:06:06,Evening Run,6.31,2704,2688.0,2.349,7.0,79.0,477.0,,,6339.5,7.0998415213946116,425.9904912836767,2025-02-03/2025-02-09
13559437820,2025-02-06 20:58:10,Afternoon Run,6.81,2765,2748.0,2.478,7.0,79.0,515.0,,,6831.5,6.725403817914831,403.5242290748899,2025-02-03/2025-02-09
13567140169,2025-02-07 20:40:45,Afternoon Run,4.09,1981,1910.0,2.143,11.0,76.0,304.0,,,4131.9,7.78321108394458,466.99266503667485,2025-02-03/2025-02-09
13586791828,2025-02-09 22:13:48,Evening Run,8.3,3711,3609.0,2.3,19.0,78.0,615.0,,,8350.3,7.246987951807228,434.8192771084337,2025-02-03/2025-02-09
13594289499,2025-02-10 21:44:12,Evening Run,6.8,2848,2829.0,2.406,4.0,77.0,493.0,,,6804.3,6.9338235294117645,416.0294117647059,2025-02-10/2025-02-16
13606268504,2025-02-12 08:14:21,Morning Run,8.2,3074,3074.0,2.67,4.0,79.0,560.0,,,8225.1,6.247967479674798,374.87804878048786,2025-02-10/2025-02-16
13632253888,2025-02-15 09:40:10,Morning Run,14.13,6695,6121.0,2.309,53.0,78.0,1092.0,,,14195.0,7.219863175277188,433.1917905166313,2025-02-10/2025-02-16
13655094997,2025-02-17 21:05:41,Evening Run,8.35,3287,3139.0,2.661,13.0,78.0,575.0,,,8388.0,6.2654690618762485,375.92814371257487,2025-02-17/2025-02-23
13681941812,2025-02-20 20:25:23,Afternoon Run,8.94,3343,3166.0,2.824,11.0,79.0,616.0,,,8959.9,5.902311707680836,354.13870246085014,2025-02-17/2025-02-23
13685398263,2025-02-21 09:58:51,Morning Run,5.68,2524,2489.0,2.285,10.0,78.0,402.0,,,5691.0,7.303403755868545,438.2042253521127,2025-02-17/2025-02-23
13705009299,2025-02-23 11:17:37,Morning Run,12.71,6190,5331.0,2.384,42.0,79.0,896.0,,,12791.2,6.990558615263571,419.43351691581427,2025-02-17/2025-02-23
13730257984,2025-02-24 21:30:40,Evening Run,6.56,3583,2752.0,2.386,40.0,78.0,461.0,,,6597.8,6.991869918699187,419.51219512195127,2025-02-24/2025-03-02
13730257987,2025-02-26 08:19:24,Morning Run,3.01,844,844.0,3.575,0.0,79.0,176.0,,,3018.9,4.6733111849390925,280.39867109634554,2025-02-24/2025-03-02
13753477706,2025-02-28 18:56:29,Afternoon Run,13.12,5946,4807.0,2.729,37.0,80.0,909.0,,,13188.7,6.10645325203252,366.38719512195127,2025-02-24/2025-03-02
13801183179,2025-03-05 19:55:46,Afternoon Run,10.06,3747,3664.0,2.746,17.0,78.0,704.0,,,10106.9,6.070245195493705,364.21471172962225,2025-03-03/2025-03-09
13816866867,2025-03-07 18:27:06,Afternoon Run,7.52,3114,3020.0,2.493,31.0,79.0,562.0,,,7578.3,6.6932624113475185,401.5957446808511,2025-03-03/2025-03-09
13821600912,2025-03-08 08:46:20,Morning Run,17.25,7550,7204.0,2.396,42.0,78.0,1220.0,,,17338.1,6.960386473429952,417.6231884057971,2025-03-03/2025-03-09
13846330919,2025-03-10 20:03:18,Afternoon Run,5.82,2648,2487.0,2.34,4.0,77.0,411.0,,,5831.3,7.121993127147767,427.319587628866,2025-03-10/2025-03-16
13859867507,2025-03-12 08:41:39,Morning Run,7.6,3372,3004.0,2.532,49.0,80.0,545.0,,,7706.2,6.587719298245615,395.2631578947369,2025-03-10/2025-03-16
13878379148,2025-03-14 08:25:23,Morning Run,7.22,3068,3033.0,2.382,11.0,79.0,509.0,,,7244.1,7.001385041551246,420.0831024930748,2025-03-10/2025-03-16
13886830909,2025-03-15 07:30:50,Morning Run,22.13,9099,9046.0,2.447,40.0,80.0,1557.0,,,22197.2,6.812773007983131,408.7663804789878,2025-03-10/2025-03-16
13911055907,2025-03-17 21:10:50,Evening Run,3.83,1757,1665.0,2.301,6.0,78.0,269.0,,,3828.7,7.245430809399478,434.72584856396867,2025-03-17/2025-03-23
13911150003,2025-03-17 21:41:23,Evening Run,1.7,757,721.0,2.362,4.0,78.0,128.0,,,1712.2,7.068627450980393,424.11764705882354,2025-03-17/2025-03-23
13924133269,2025-03-19 08:05:10,Morning Run,9.72,3966,3485.0,2.79,6.0,79.0,723.0,,,9754.9,5.975651577503429,358.53909465020575,2025-03-17/2025-03-23
13943359074,2025-03-21 08:52:14,Morning Run,9.22,3634,3608.0,2.556,13.0,78.0,661.0,,,9249.5,6.522053506869125,391.3232104121475,2025-03-17/2025-03-23
13953080720,2025-03-22 08:34:58,Morning Run,18.39,7303,7273.0,2.529,45.0,78.0,1317.0,,,18495.9,6.591444625702374,395.48667754214244,2025-03-17/2025-03-23
13971329969,2025-03-24 09:35:45,Morning Run,6.31,2721,2660.0,2.372,4.0,77.0,433.0,,,6307.6,7.025884838880085,421.5530903328051,2025-03-24/2025-03-30
13990278896,2025-03-26 08:16:32,Morning Run,8.86,3238,2961.0,2.992,8.0,80.0,606.0,,,8894.1,5.569977426636569,334.19864559819416,2025-03-24/2025-03-30
14028693174,2025-03-30 08:44:46,Morning Run,20.05,9242,8318.0,2.411,74.0,77.0,1464.0,,,20194.3,6.914380714879467,414.8628428927681,2025-03-24/2025-03-30
14043469603,2025-03-31 22:13:01,Evening Run,10.04,3995,3606.0,2.787,15.0,77.0,696.0,,,10072.3,5.986055776892431,359.16334661354585,2025-03-31/2025-04-06
14056480164,2025-04-02 08:38:10,Morning Run,8.77,3147,2975.0,2.95,8.0,80.0,574.0,,,8795.9,5.653743823641202,339.2246294184721,2025-03-31/2025-04-06
14081804304,2025-04-04 21:48:06,Evening Run,4.42,1969,1822.0,2.431,42.0,80.0,314.0,,,4456.6,6.87028657616893,412.21719457013575,2025-03-31/2025-04-06
14085098303,2025-04-05 07:05:12,Morning Run,24.13,9216,9209.0,2.621,103.0,80.0,1634.0,,,24278.1,6.360685177510706,381.64111065064236,2025-03-31/2025-04-06
14111584057,2025-04-07 22:19:05,Evening Run,10.91,4255,4207.0,2.594,11.0,78.0,759.0,,,10935.0,6.4268255423159175,385.6095325389551,2025-04-07/2025-04-13
14124563278,2025-04-09 08:05:27,Morning Run,10.37,3707,3437.0,3.019,15.0,79.0,698.0,,,10430.7,5.523947283831566,331.4368370298939,2025-04-07/2025-04-13
14149371177,2025-04-11 20:35:59,Afternoon Run,4.35,1809,1809.0,2.407,6.0,76.0,302.0,,,4359.5,6.931034482758621,415.86206896551727,2025-04-07/2025-04-13
14154557199,2025-04-12 07:32:28,Morning Run,19.14,7209,7196.0,2.661,41.0,79.0,1331.0,,,19218.0,6.266109369557645,375.9665621734587,2025-04-07/2025-04-13
14178323091,2025-04-14 19:48:12,Afternoon Run,6.79,2897,2704.0,2.512,8.0,74.0,486.0,,,6797.5,6.637211585665194,398.23269513991164,2025-04-14/2025-04-20
14221420719,2025-04-19 08:12:57,Morning Run,25.21,9709,9623.0,2.62,33.0,79.0,1705.0,,,25293.1,6.361893428533651,381.71360571201905,2025-04-14/2025-04-20
14246457775,2025-04-21 20:36:16,Afternoon Run,7.12,2800,2707.0,2.63,13.0,78.0,480.0,,,7120.8,6.336610486891386,380.19662921348316,2025-04-21/2025-04-27
14276177135,2025-04-24 19:11:13,Afternoon Run,11.06,4273,3880.0,2.85,38.0,79.0,755.0,,,11124.9,5.846895720313442,350.8137432188065,2025-04-21/2025-04-27
14289608626,2025-04-26 07:45:40,Morning Run,24.79,9172,9007.0,2.753,81.0,80.0,1661.0,,,24947.2,6.055533145085384,363.331988705123,2025-04-21/2025-04-27
14351934693,2025-05-02 07:56:39,Morning Run,7.08,3011,3011.0,2.354,45.0,78.0,481.0,,,7247.2,7.08804143126177,425.2824858757062,2025-04-28/2025-05-04
14371553182,2025-05-04 06:55:17,Night Run,6.68,2762,2762.0,2.42,66.0,78.0,466.0,,,6873.4,6.891217564870259,413.4730538922156,2025-04-28/2025-05-04
14372579639,2025-05-04 07:42:55,Morning Run,16.81,6557,6234.0,2.697,133.0,79.0,1152.0,,,17064.2,6.180844735276622,370.8506841165973,2025-04-28/2025-05-04
14388795354,2025-05-05 20:54:47,Afternoon Run,4.27,1853,1805.0,2.369,11.0,79.0,295.0,,,4290.0,7.045277127244341,422.7166276346605,2025-05-05/2025-05-11
14403503271,2025-05-07 09:35:15,Morning Run,8.41,3026,2945.0,2.857,14.0,80.0,549.0,,,8446.9,5.836305984938566,350.1783590963139,2025-05-05/2025-05-11
14424086729,2025-05-09 09:37:19,Morning Run,7.68,3006,2920.0,2.632,20.0,79.0,551.0,,,7733.0,6.336805555555555,380.20833333333337,2025-05-05/2025-05-11
14594928488,2025-05-25 19:27:20,Afternoon Run,15.0,6018,6013.0,2.495,51.0,78.0,1098.0,,,15089.1,6.681111111111111,400.8666666666667,2025-05-19/2025-05-25
14605093754,2025-05-26 21:46:08,Evening Run,8.61,3669,3610.0,2.387,26.0,78.0,664.0,,,8695.6,6.987998451413086,419.2799070847852,2025-05-26/2025-06-01
14618760629,2025-05-28 08:31:19,Morning Run,7.67,2808,2706.0,2.837,2.0,81.0,516.0,,,7684.0,5.880052151238592,352.8031290743155,2025-05-26/2025-06-01
14667495918,2025-06-01 20:36:01,Afternoon Run,15.87,6755,6604.0,2.404,47.0,78.0,1230.0,,,16004.7,6.935517748372191,416.13106490233145,2025-05-26/2025-06-01
14699042179,2025-06-04 21:16:24,Evening Run,12.16,4945,4528.0,2.686,82.0,80.0,905.0,,,12494.1,6.206140350877193,372.36842105263156,2025-06-02/2025-06-08
14721834111,2025-06-07 07:30:55,Morning Run,26.11,9713,9555.0,2.733,104.0,81.0,1771.0,,,26326.1,6.099195710455764,365.9517426273459,2025-06-02/2025-06-08
14763691155,2025-06-11 09:04:26,Morning Run,5.36,2394,1989.0,2.695,22.0,77.0,333.0,,,5443.4,6.184701492537313,371.08208955223876,2025-06-09/2025-06-15
14794624503,2025-06-14 08:04:41,Morning Run,17.02,7244,6824.0,2.495,65.0,78.0,1193.0,,,17203.8,6.682334508421465,400.9400705052879,2025-06-09/2025-06-15
14853363228,2025-06-19 18:38:59,Afternoon Run,8.35,3158,3008.0,2.776,27.0,82.0,593.0,,,8425.6,6.003992015968064,360.23952095808386,2025-06-16/2025-06-22
14869948155,2025-06-21 10:20:23,Morning Run,3.99,1519,1511.0,2.645,25.0,83.0,231.0,,,4057.7,6.311612364243943,378.69674185463657,2025-06-16/2025-06-22
14881522479,2025-06-22 08:56:16,Morning Run,42.81,17403,16961.0,2.524,182.0,82.0,2987.0,,,43224.9,6.603207973214981,396.1924783928988,2025-06-16/2025-06-22
16135943759,2025-10-14 09:42:12,De volta,7.08,2912,2779.0,2.548,64.0,79.0,520.0,,,7160.9,6.541902071563089,392.5141242937853,2025-10-13/2025-10-19
16157952392,2025-10-16 09:46:36,GPS quebrado pra cRalho,5.18,2468,2176.0,2.381,51.0,79.0,392.0,,,5298.2,7.001287001287001,420.0772200772201,2025-10-13/2025-10-19
16185035158,2025-10-18 21:36:13,Encaixou finalmente,10.0,3521,3521.0,2.84,,,885.0,,,,5.868333333333333,352.1,2025-10-13/2025-10-19
16279334463,2025-10-28 08:48:28,Morning Run,7.34,3043,2856.0,2.57,61.0,81.0,536.0,,,7542.9,6.485013623978202,389.1008174386921,2025-10-27/2025-11-02
16329063453,2025-11-02 08:10:35,Quebrei kkkk,12.1,4659,4603.0,2.629,70.0,77.0,932.0,,,12156.8,6.3402203856749315,380.41322314049586,2025-10-27/2025-11-02
16369038581,2025-11-05 22:56:43,TROPA DOS GORILAS 🦍 🦍,3.8,1742,1717.0,2.215,35.0,78.0,289.0,,,3911.9,7.530701754385966,451.8421052631579,2025-11-03/2025-11-09
16369038593,2025-11-05 23:36:13,Volta pra casa,5.1,2011,1745.0,2.926,62.0,80.0,371.0,,,5304.0,5.7026143790849675,342.15686274509807,2025-11-03/2025-11-09
16418314493,2025-11-10 20:26:36,Afternoon Run,11.15,5216,4275.0,2.61,91.0,80.0,779.0,,,11513.4,6.390134529147982,383.4080717488789,2025-11-10/2025-11-16
16439776088,2025-11-12 20:26:20,Afternoon Run,9.09,3687,3504.0,2.596,47.0,81.0,654.0,,,9237.8,6.424642464246425,385.47854785478546,2025-11-10/2025-11-16
16586724702,2025-11-27 20:45:16,Afternoon Run,6.16,3715,2296.0,2.686,11.0,81.0,408.0,,,6202.5,6.212121212121212,372.7272727272727,2025-11-24/2025-11-30
16660427806,2025-12-05 21:36:18,Treino Regenerativo Z1,5.06,2300,1564.0,3.236,56.0,82.0,312.0,,,5321.1,5.151515151515152,309.0909090909091,2025-12-01/2025-12-07
17108589814,2026-01-11 20:25:18,Afternoon Run,7.62,3038,2982.0,2.556,25.0,80.0,558.0,,,7663.4,6.5223097112860895,391.33858267716533,2026-01-05/2026-01-11
17108589839,2026-01-19 20:09:31,Afternoon Run,8.5,3644,3258.0,2.609,39.0,79.0,618.0,,,8588.3,6.388235294117647,383.29411764705884,2026-01-19/2026-01-25
17144478113,2026-01-22 22:42:24,Evening Run,4.4,1544,1544.0,2.85,0.0,79.0,299.0,,,4822.7,5.848484848484849,350.9090909090909,2026-01-19/2026-01-25
17265791069,2026-02-02 21:30:58,Corrida noturna,10.2,3960,3960.0,2.576,,,902.0,,,,6.470588235294118,388.2352941176471,2026-02-02/2026-02-08
17537250953,2026-02-25 08:25:44,Morning Run,4.76,2096,1651.0,2.886,7.0,81.0,325.0,,,4781.2,5.780812324929972,346.8487394957983,2026-02-23/2026-03-01
17551195429,2026-02-28 08:29:07,Morning Run,14.02,6102,5527.0,2.538,98.0,79.0,1197.0,,,14258.0,6.570375653827865,394.2225392296719,2026-02-23/2026-03-01
17573375445,2026-03-02 08:09:49,Morning Run,10.04,4195,3729.0,2.693,22.0,80.0,776.0,,,10060.9,6.190239043824701,371.4143426294821,2026-03-02/2026-03-08
17598019282,2026-03-04 08:09:13,Morning Run,10.0,3861,3553.0,2.816,37.0,79.0,768.0,,,10087.5,5.921666666666667,355.3,2026-03-02/2026-03-08
17620513496,2026-03-05 20:59:25,Afternoon Run,8.01,3798,3369.0,2.38,25.0,79.0,645.0,,,8083.8,7.009987515605493,420.5992509363296,2026-03-02/2026-03-08
17628754871,2026-03-06 19:20:12,Afternoon Run,16.01,6717,6314.0,2.537,64.0,79.0,1306.0,,,16196.1,6.572975223818446,394.37851342910676,2026-03-02/2026-03-08
17666391782,2026-03-09 21:33:32,Evening Run,9.5,4136,3904.0,2.434,37.0,79.0,746.0,,,9616.5,6.849122807017544,410.94736842105266,2026-03-09/2026-03-15
17682499120,2026-03-11 08:07:53,Morning Run,10.86,4485,4357.0,2.494,68.0,79.0,888.0,,,11091.7,6.686617556783302,401.1970534069982,2026-03-09/2026-03-15
17718135436,2026-03-14 08:26:44,Morning Run,18.01,8092,6557.0,2.747,91.0,80.0,1393.0,,,18287.3,6.067925226725892,364.07551360355353,2026-03-09/2026-03-15
17740307287,2026-03-16 08:09:45,Morning Run,10.76,4641,4119.0,2.614,64.0,82.0,890.0,,,10965.5,6.38011152416357,382.80669144981414,2026-03-16/2026-03-22
17764454443,2026-03-18 08:08:44,Morning Run,11.2,4961,4491.0,2.495,162.0,79.0,906.0,538.0,198.0,11539.1,6.683035714285714,400.9821428571429,2026-03-16/2026-03-22
17785161411,2026-03-19 21:41:36,Evening Run,12.03,4360,4005.0,3.005,9.0,82.0,878.0,524.0,208.0,12076.6,5.548628428927681,332.9177057356609,2026-03-16/2026-03-22
17813562974,2026-03-22 08:53:26,Morning Run,17.02,7568,5946.0,2.863,34.0,79.0,1264.0,727.0,189.0,17107.2,5.822561692126909,349.3537015276146,2026-03-16/2026-03-22
17825144079,2026-03-23 08:09:50,Morning Run,11.22,4514,3604.0,3.115,24.0,83.0,820.0,515.0,214.0,11284.8,5.353535353535354,321.2121212121212,2026-03-23/2026-03-29
17850783902,2026-03-25 08:10:07,Morning Run,10.98,4229,4175.0,2.63,11.0,80.0,869.0,533.0,213.0,11000.3,6.337279902853672,380.23679417122037,2026-03-23/2026-03-29
17874363599,2026-03-27 08:09:23,Morning Run,10.03,3533,3458.0,2.901,10.0,81.0,776.0,409.0,204.0,10051.6,5.746095048188767,344.76570289132604,2026-03-23/2026-03-29
17897662788,2026-03-29 07:31:33,Morning Run treininho leve Z0,21.14,7097,7097.0,2.979,36.0,81.0,1631.0,895.0,213.0,21221.4,5.595238095238095,335.7142857142857,2026-03-23/2026-03-29
17909757091,2026-03-30 08:10:32,Morning Run,10.5,4004,3581.0,2.934,5.0,83.0,788.0,441.0,201.0,10528.2,5.6841269841269835,341.04761904761904,2026-03-30/2026-04-05
17948331833,2026-04-02 08:04:48,Morning Run,23.02,8933,8020.0,2.87,61.0,82.0,1742.0,964.0,198.0,23172.2,5.806545033304372,348.3927019982624,2026-03-30/2026-04-05
18018543516,2026-04-07 19:09:51,Afternoon Run,11.5,4688,3884.0,2.963,13.0,81.0,913.0,542.0,208.0,11555.9,5.628985507246377,337.7391304347826,2026-04-06/2026-04-12
18033820293,2026-04-08 21:22:46,Evening Run,12.3,4693,4472.0,2.75,8.0,76.0,958.0,575.0,210.0,12329.4,6.059620596205962,363.5772357723577,2026-04-06/2026-04-12
18047155256,2026-04-09 21:11:31,Evening Run,12.01,5655,4292.0,2.799,10.0,82.0,918.0,516.0,183.0,12077.5,5.956147654732168,357.3688592839301,2026-04-06/2026-04-12
18063772567,2026-04-11 07:39:19,Morning Run,15.18,7090,5090.0,2.984,42.0,84.0,1099.0,692.0,196.0,15299.2,5.588493631971892,335.30961791831356,2026-04-06/2026-04-12
18496366781,2026-05-13 20:58:25,Afternoon Run,9.06,3521,3409.0,2.658,9.0,80.0,798.0,382.0,198.0,9093.3,6.2711552612214865,376.26931567328916,2026-05-11/2026-05-17
18534911117,2026-05-16 20:29:06,Afternoon Run,10.07,4825,3785.0,2.661,14.0,81.0,814.0,400.0,173.0,10124.2,6.264481959616021,375.8689175769613,2026-05-11/2026-05-17
19300242005,2026-07-13 20:23:25,Corrida da tarde,6.8,2689,2521.0,2.701,6.0,78.0,554.0,272.0,191.0,6829.1,6.178921568627451,370.7352941176471,2026-07-13/2026-07-19
19329188773,2026-07-15 21:23:31,Corrida ao entardecer,7.34,3150,2777.0,2.644,12.0,79.0,621.0,287.0,181.0,7385.9,6.305631244323342,378.33787465940054,2026-07-13/2026-07-19
19633294742,2026-08-06 21:20:23,Corrida ao entardecer,7.11,3933,2435.0,2.924,8.0,81.0,535.0,343.0,192.0,7156.2,5.707923112986404,342.47538677918425,2026-08-03/2026-08-09
19686996040,2026-08-10 20:41:43,Corrida da tarde,5.01,2223,1759.0,2.853,10.0,80.0,393.0,214.0,186.0,5052.3,5.85163007318696,351.0978043912176,2026-08-10/2026-08-16
19731014712,2026-08-13 21:17:20,Corrida ao entardecer,5.0,1865,1410.0,3.552,9.0,83.0,367.0,293.0,238.0,5030.6,4.7,282.0,2026-08-10/2026-08-16
19815605048,2026-08-19 22:02:11,Corrida ao entardecer,5.02,1876,1432.0,3.51,9.0,83.0,365.0,285.0,234.0,5040.9,4.754316069057105,285.25896414342634,2026-08-17/2026-08-23
19841462336,2026-08-21 18:28:22,Afternoon  Run com o FOFINHO do Pedro Uchoas,10.01,5600,4205.0,2.382,17.0,75.0,832.0,428.0,177.0,10082.2,7.001332001332001,420.0799200799201,2026-08-17/2026-08-23
19962569922,2026-08-30 11:31:15,Corrida matinal,6.51,3151,2079.0,3.132,18.0,81.0,526.0,379.0,228.0,6574.2,5.32258064516129,319.35483870967744,2026-08-24/2026-08-30
19996662293,2026-09-01 21:02:06,Corrida ao entardecer,3.02,846,846.0,3.57,0.0,85.0,203.0,95.0,202.0,,4.66887417218543,280.1324503311258,2026-08-31/2026-09-06
20037704523,2026-09-04 19:26:14,Corrida da tarde,5.01,1465,1465.0,3.421,5.0,81.0,389.0,264.0,255.0,5027.8,4.873586161011311,292.41516966067866,2026-08-31/2026-09-06
20038077887,2026-09-04 20:10:13,Corrida da tarde,4.13,2000,1978.0,2.089,7.0,72.0,361.0,131.0,154.0,4156.5,7.98224374495561,478.9346246973366,2026-08-31/2026-09-06
20125399385,2026-09-11 03:39:01,Course à pied de nuit,3.06,1625,1233.0,2.482,16.0,74.0,258.0,136.0,174.0,3102.0,6.715686274509804,402.94117647058823,2026-09-07/2026-09-13
20163623185,2026-09-13 19:52:31,Course à pied dans l'après-midi,5.51,3004,1480.0,3.729,19.0,83.0,392.0,385.0,229.0,5582.3,4.476709013914096,268.60254083484574,2026-09-07/2026-09-13
