date,activity_id,name,distance_km,elapsed_time_s,moving_time_s,avg_speed_m_s,elevation_gain_m,avg_cadence_spm,calories,training_load,intensity,pace_min_km,pace_sec_km,reference_pace_min_km,load_proxy,acute_load_7d,chronic_load_28d_avg_week,acwr,km_last_7d,km_last_28d,km_last_28d_avg_week,runs_last_28d,longest_run_last_28d,pace_trend_sec_per_week
2023-03-24 19:59:41,8771238481,Corridinha c/ reri,9.2,6051,3246.0,2.836,41.0,,,,,5.880434782608696,352.82608695652175,6.222889556222889,60.584646189762466,60.584646189762466,15.146161547440617,4.0,9.2,9.2,2.3,1.0,9.2,
2023-04-04 08:00:17,8829163174,Corrida matinal,4.61,1665,1531.0,3.013,14.2,,,,,5.5350686912509035,332.1041214750542,6.222889556222889,32.252404419050706,32.252404419050706,23.209262652203293,1.38963503073584,4.61,13.809999999999999,3.4524999999999997,2.0,9.2,
2023-04-28 08:04:07,8970692971,Parque das Graças ,3.26,1014,939.0,3.474,2.4,,,,,4.800613496932516,288.03680981595096,5.5350686912509035,20.804960141615652,20.804960141615652,13.26434114016659,1.568488017743666,3.26,7.87,1.9675,2.0,4.61,
2023-05-09 08:22:34,9038226577,Corrida matinal com Uly e Toni,7.43,3053,3045.0,2.44,34.2,,,,,6.830417227456259,409.8250336473755,5.7077517369298,35.4382061922745,35.4382061922745,14.060791583472538,2.5203564096583007,7.43,10.69,2.6725,2.0,7.43,4.0677386611164845
2023-06-29 08:07:29,9355138685,Corridinha matinal com Uly ,5.05,2209,1571.0,3.218,8.3,,,,,5.184818481848185,311.0891089108911,5.359943586549544,27.98196822616667,27.98196822616667,6.995492056541668,4.0,5.05,5.05,1.2625,1.0,5.05,-1.070802292002666
2023-07-03 19:33:14,9382776732,Corrida com Jah,4.25,1786,1235.0,3.443,33.5,,,,,4.8431372549019605,290.5882352941176,5.013977868375073,22.061090601183423,50.043058827350094,12.510764706837524,4.0,9.3,9.3,2.325,2.0,5.05,-4.380703813296726
2023-07-10 13:57:29,9424507597,Beira rio,5.1,1601,1474.0,3.464,2.4,,,,,4.816993464052288,289.0196078431373,4.8431372549019605,24.834056987788323,46.895147588971746,18.719278953784602,2.5051791634041884,9.35,14.399999999999999,3.5999999999999996,3.0,5.1,-4.928830630718461
2023-07-18 11:41:29,9474086616,Vida fit,7.23,2651,2342.0,3.089,19.1,,,,,5.398801290917473,323.92807745504837,5.013977868375073,33.66710547256394,33.66710547256394,27.13605532192559,1.240677949435095,7.23,21.63,5.4075,4.0,7.23,-3.6549494852996762
2023-07-30 09:41:08,9548700401,Corridona matinal,10.13,3659,3489.0,2.906,28.9,,,,,5.740375123395853,344.4225074037512,5.291809886382829,49.4171435458294,49.4171435458294,32.49484915184127,1.520768516724419,10.13,26.71,6.6775,4.0,10.13,-7.511841631569626
2023-08-28 22:10:42,9739468235,To de volta,7.16,2803,2652.0,2.7,14.0,,,,,6.1731843575419,370.39106145251395,5.291809886382829,32.47971740389603,32.47971740389603,8.119929350974008,4.0,7.16,7.16,1.79,1.0,7.16,9.125215160402059
2023-08-30 22:13:19,9752553085,Tamo indo,8.04,3012,2879.0,2.796,23.4,,,,,5.968076285240465,358.0845771144279,5.398801290917473,39.26597349722177,71.7456909011178,17.93642272527945,4.0,15.2,15.2,3.8,2.0,8.04,8.040893567225439
2023-09-09 10:32:55,9813954514,Corrida matinal,12.04,4308,4285.0,2.812,155.3,,,,,5.931616832779624,355.89700996677743,5.569588207156663,62.965052633795224,62.965052633795224,33.67768588372826,1.869637149392663,12.04,27.24,6.81,3.0,12.04,6.926325914856957
2023-09-16 10:14:29,9859241744,Corrida matinal,5.0,1876,1781.0,2.81,10.7,,,,,5.9366666666666665,356.2,5.740375123395853,27.752869082511474,90.7179217163067,40.615903154356126,2.233556677825027,17.04,32.239999999999995,8.059999999999999,4.0,12.04,6.152549021347983
2023-09-27 22:40:28,9933733089,"Fiz esse caminho duas vezes, mas esqueci de gravar a primeira",2.52,993,827.0,3.056,6.3,,,,,5.469576719576719,328.1746031746032,5.740375123395853,15.181943463227839,15.181943463227839,26.474966294883636,0.5734452423518965,2.52,19.56,4.89,3.0,12.04,4.713635720221793
2023-10-04 21:56:43,9978090810,Corrida ao entardecer,1.64,432,432.0,3.809,3.0,,146.0,,,4.390243902439025,263.4146341463415,5.740375123395853,12.309367760627683,27.491311223855522,29.552308235040556,0.930259355892164,4.16,21.2,5.3,4.0,12.04,0.20676162310209784
2023-10-31 20:47:18,10138751712,Trotezinho,8.26,4388,3440.0,2.401,21.0,,,,,6.941081517352704,416.4648910411622,5.9366666666666665,41.940946961937975,41.940946961937975,13.562578680641415,3.0924021124244243,8.26,9.9,2.475,2.0,8.26,1.4597911233785348
2023-11-05 13:07:22,10164816899,Com a irma,4.03,1657,1415.0,2.853,6.8,,,,,5.851943755169561,351.1166253101737,5.934141749723145,24.25050210830185,66.19144907023983,16.547862267559957,4.0,12.29,12.29,3.0725,2.0,8.26,0.9882921118582642
2023-11-07 20:29:04,10179014518,Tone tony morreu,4.4,2112,1749.0,2.519,2.0,,,,,6.624999999999999,397.49999999999994,5.9366666666666665,23.40734322851153,89.59879229875135,22.39969807468784,3.9999999999999996,16.69,16.69,4.1725,3.0,8.26,2.680718239809719
2023-12-03 19:56:52,10324324575,Afternoon Run,3.29,4408,1075.0,3.062,4.0,75.0,335.0,,,5.445795339412361,326.7477203647416,5.891780293974593,20.971411839568166,20.971411839568166,11.094688767019925,1.8902208326841752,3.29,7.69,1.9225,2.0,4.4,2.266906503345556
2023-12-06 18:34:39,10339612365,Afternoon Run,9.99,5695,3730.0,2.679,0.0,73.0,721.0,,,6.222889556222889,373.37337337337334,5.931616832779624,56.48323637290777,77.45464821247593,19.363662053118986,3.999999999999999,13.280000000000001,13.280000000000001,3.3200000000000003,2.0,9.99,2.552368413453677
2023-12-18 20:37:51,10401699904,Afternoon Run,8.66,3659,3201.0,2.708,2.0,74.0,667.0,,,6.160508083140877,369.6304849884526,6.006225919155219,50.711293448843726,50.711293448843726,32.041485415329916,1.582676108535887,8.66,21.939999999999998,5.484999999999999,3.0,9.99,4.854726219007574
2023-12-29 12:50:31,10456115180,Corrida matinal,8.07,2968,2679.0,3.012,139.7,,,,,5.532837670384138,331.97026022304834,6.006225919155219,52.6173454137646,52.6173454137646,45.19582176877107,1.1642081801933644,8.07,30.009999999999998,7.5024999999999995,4.0,9.99,2.4669351226730982
2024-02-03 11:58:12,10686779085,Corrida matinal,3.92,1294,1254.0,3.132,7.7,,,,,5.331632653061225,319.8979591836735,5.851943755169561,25.178284389210923,25.178284389210923,6.294571097302731,4.0,3.92,3.92,0.98,1.0,3.92,-4.068457718841407
2024-02-21 18:53:09,10809815129,Corrida vespertina,7.4,3888,2605.0,2.841,11.0,,,,,5.867117117117116,352.02702702702703,5.699977393750627,40.978233115401,40.978233115401,16.539129376152978,2.477653580392548,7.4,11.32,2.83,2.0,7.4,-1.2880257078166457
2024-03-18 21:16:35,10988955124,Evening Run,1.22,430,352.0,3.476,0.0,78.0,53.0,,,4.808743169398907,288.5245901639344,5.432235161722682,7.486612807448558,7.486612807448558,12.116211480712389,0.617900473210325,1.22,8.620000000000001,2.1550000000000002,2.0,7.4,-2.728263644967691
2024-04-06 08:08:03,11116890855,Morning Run,10.07,3957,3696.0,2.724,15.0,75.0,754.0,,,6.117179741807348,367.0307845084409,5.599374885089171,51.612787967818505,51.612787967818505,14.774850193816766,3.493286719713633,10.07,11.290000000000001,2.8225000000000002,2.0,10.07,2.021408331050188
2024-04-08 18:52:57,11137065793,Trotezinho com Miguel,7.37,3001,2805.0,2.629,10.2,,,,,6.343283582089552,380.5970149253731,5.867117117117116,39.99473978847686,91.60752775629537,24.773535140935984,3.6977979620244983,17.44,18.66,4.665,3.0,10.07,4.299509885626777
2024-04-17 09:42:37,11201132400,Morning Run,1.7,1005,542.0,3.139,0.0,76.0,96.0,,,5.313725490196078,318.8235294117647,5.599374885089171,10.030645838732955,10.030645838732955,25.409543398757084,0.39475899591425195,1.7,19.14,4.785,3.0,10.07,2.1136546969477754
2024-04-19 10:22:54,11215771444,Morning Run,4.64,1652,1644.0,2.827,4.0,75.0,333.0,,,5.905172413793103,354.3103448275862,5.867117117117116,27.04798477704376,37.07863061577672,32.171539593018025,1.1525289459203762,6.34,23.78,5.945,4.0,10.07,2.3662826816734666
2024-04-22 09:29:19,11237488695,Morning Run,9.12,3333,3274.0,2.786,13.0,75.0,684.0,,,5.983187134502925,358.99122807017545,5.88614476545511,52.810968254846266,89.88959887062298,45.37428165672959,1.981069354456462,15.459999999999999,32.900000000000006,8.225000000000001,5.0,10.07,2.6312284413685236
2024-04-24 19:13:19,11256503474,Afternoon Run,9.19,3452,3231.0,2.846,16.0,78.0,681.0,,,5.859630032644179,351.57780195865075,5.867117117117116,53.98770052919176,133.84665356108178,58.87120678902753,2.273550362925943,22.95,42.09,10.5225,6.0,10.07,2.5860444231769817
2024-04-28 10:27:57,11308080298,Morning Run,7.69,3019,2746.0,2.801,7.0,77.0,551.0,,,5.951452102297355,357.0871261378413,5.88614476545511,44.76775078713008,151.5664195711681,70.06314448581006,2.1632831452756873,26.0,49.78,12.445,7.0,10.07,2.652192085651758
2024-05-14 22:11:44,11412664781,Afternoon Run,15.19,5549,5428.0,2.8,26.0,77.0,1062.0,,,5.955672591617293,357.34035549703754,5.92831225804523,89.63736901323836,89.63736901323836,69.5706048000458,1.2884373978186163,15.19,47.53,11.8825,6.0,15.19,2.204200653752876
2024-05-25 22:19:57,11497809307,Evening Run,9.94,3449,3449.0,2.883,26.0,78.0,764.0,,,5.783031522468143,346.98189134808854,5.92831225804523,60.40779265302445,60.40779265302445,48.70322811334822,1.2403242042280218,9.94,32.82,8.205,3.0,15.19,3.5540169440307734
2024-06-05 11:49:33,11578962095,Morning Run,1.73,551,544.0,3.183,0.0,82.0,87.0,,,5.240847784200385,314.4508670520231,5.905172413793103,11.510911673723072,11.510911673723072,40.38901833499647,0.2850010262257115,1.73,26.86,6.715,3.0,15.19,0.41408004433847245
2024-06-07 11:40:56,11606532989,Morning Run,4.75,1803,1780.0,2.671,8.0,75.0,356.0,,,6.245614035087719,374.7368421052632,5.92831225804523,26.728870636156703,38.23978230987977,47.071235994035646,0.8123810964879932,6.48,31.61,7.9025,4.0,15.19,1.50587180644073
2024-06-08 18:15:35,11606533139,Afternoon Run,7.63,3000,2983.0,2.56,4.0,76.0,595.0,,,6.515945827872434,390.956749672346,5.951452102297355,41.47562683300596,79.71540914288573,57.44014270228713,1.3877996361543101,14.11,39.24,9.81,5.0,15.19,2.5909700915302074
2024-06-10 18:54:25,11621656502,Afternoon Run,7.07,2763,2715.0,2.607,6.0,76.0,526.0,,,6.4002828854314,384.016973125884,5.953562346957324,39.15381243968291,118.86922158256864,67.22859581220786,1.768134826355893,21.18,46.31,11.5775,6.0,15.19,3.0767488813488617
2024-06-12 10:51:40,11634216846,Morning Run,6.23,2503,2400.0,2.598,13.0,75.0,454.0,,,6.420545746388442,385.23274478330654,5.955672591617293,34.41737402460119,153.28659560716983,53.42359706504857,2.8692675901349003,27.41,37.35,9.3375,6.0,9.94,3.416644812386898
2024-06-14 11:47:36,11649987449,Morning Run,4.54,1794,1752.0,2.592,2.0,74.0,335.0,,,6.431718061674008,385.9030837004405,5.969429863060109,25.15327633600674,140.20008963329678,59.71191614905025,2.3479415613348515,25.47,41.89,10.4725,7.0,9.94,3.6561443635225954
2024-06-15 12:08:57,11657982085,Morning Run,14.31,5401,5347.0,2.677,32.0,77.0,1023.0,,,6.2275797810389,373.654786862334,5.983187134502925,82.25939414526273,222.45948377855953,80.27676468536595,2.771156568783754,39.78,56.2,14.05,8.0,14.31,3.6090202085276744
2024-06-17 13:17:41,11673215566,Morning Run,6.62,2700,2683.0,2.47,9.0,73.0,532.0,,,6.754783484390735,405.2870090634441,6.117179741807348,36.673219665727224,217.6570766112808,89.44506960179774,2.43341614669509,38.769999999999996,62.82,15.705,9.0,14.31,2.633834225954795
2024-06-19 09:32:37,11687869357,Morning Run,7.3,2884,2786.0,2.62,34.0,73.0,545.0,,,6.360730593607306,381.64383561643837,6.172379761423124,43.724125855898244,222.22739002749614,100.3761010657723,2.2139472211804656,39.0,70.12,17.53,10.0,14.31,2.704862045338638
2024-06-21 12:25:45,11704539878,Morning Run,6.92,2401,2284.0,3.03,9.0,78.0,486.0,,,5.500963391136802,330.0578034682081,6.117179741807348,47.0727773489234,209.72951701581158,112.14429540300316,1.870175529322512,35.15,77.04,19.26,11.0,14.31,1.9197193721653223
2024-06-22 12:19:08,11712282656,Morning Run,15.44,5965,5821.0,2.653,30.0,78.0,1154.0,,,6.28346286701209,377.0077720207254,6.172379761423124,93.61674141834538,221.08686428889425,135.54848075758952,1.6310537975285668,36.28,92.48,23.12,12.0,15.44,1.9781548469850638
2024-06-24 20:14:12,11730875995,Afternoon Run,7.11,2701,2684.0,2.651,9.0,78.0,497.0,,,6.291608063759963,377.49648382559775,6.2275797810389,43.82748403940699,228.241128662574,131.40340360418514,1.7369498993350627,36.769999999999996,89.65,22.4125,12.0,15.44,2.0261331728865297
2024-06-26 12:13:21,11744026505,Morning Run,8.38,3001,2935.0,2.858,9.0,78.0,593.0,,,5.83731105807478,350.23866348448684,6.172379761423124,54.69359359245956,239.2105963991353,145.07680200230004,1.6488549037312172,37.85,98.03,24.5075,13.0,15.44,1.6976088014273218
2024-06-28 11:08:10,11758793882,Corrida com gayao,2.82,970,942.0,2.995,2.0,79.0,187.0,,,5.567375886524823,334.0425531914894,6.117179741807348,18.954007470072064,258.1646038692074,149.81530386981805,1.7232191718780574,40.67,100.85000000000001,25.212500000000002,14.0,15.44,1.2058290675094065
2024-06-29 08:36:19,11765788869,Morning Run,16.5,6300,6031.0,2.736,34.0,78.0,1193.0,,,6.0919191919191915,365.5151515151515,6.10454946686327,100.93389781112135,312.02572433140534,175.04877832259837,1.7825072949459344,50.25,117.35000000000001,29.337500000000002,15.0,16.5,1.1635235560206485
2024-07-01 12:13:18,11781819245,Morning Run,6.82,2700,2689.0,2.539,17.0,77.0,499.0,,,6.5713587487781036,394.2815249266862,6.117179741807348,38.83574856777629,257.24473148083626,184.75771546454246,1.3923355289062613,41.63,124.17,31.0425,16.0,16.5,1.4503281147503184
2024-07-03 13:41:06,11798891937,Morning Run,9.12,3553,3453.0,2.642,2.0,78.0,657.0,,,6.31030701754386,378.6184210526316,6.172379761423124,55.06170126704523,213.78535511601493,195.645412862873,1.0927184644285841,35.26,131.56,32.89,16.0,16.5,1.5247916653810742
2024-07-05 10:17:10,11813322775,Morning Run,6.79,2647,2536.0,2.681,9.0,76.0,476.0,,,6.2248404516445754,373.4904270986745,6.226210116341738,42.28526875955775,256.07062387557266,206.21673005276244,1.2417548460304586,42.05,138.35,34.5875,17.0,16.5,1.825788836174361
2024-07-06 11:58:32,11822001917,Morning Run,7.18,2400,2335.0,3.076,8.0,80.0,479.0,,,5.4201485608170845,325.2089136490251,6.2248404516445754,51.329815479041265,187.51253407342054,212.3669662634836,0.8829646972532151,29.91,140.78,35.195,17.0,16.5,1.2900131392984624
2024-07-08 13:29:39,11837893985,Morning Run,7.58,3000,2987.0,2.54,18.0,78.0,553.0,,,6.567722075637643,394.0633245382586,6.2248404516445754,44.7209363570075,193.39772186265176,213.17829364448397,0.9072111356007937,30.669999999999998,140.73000000000002,35.182500000000005,17.0,16.5,2.23459349619916
2024-07-10 18:31:04,11870323699,Afternoon Run,6.6,2400,2339.0,2.824,2.0,79.0,455.0,,,5.9065656565656575,354.39393939393943,6.1583798217818835,42.37813510382965,180.71415569943616,205.38003080437034,0.8799012980554617,28.15,134.03,33.5075,16.0,16.5,1.9972449944744703
2024-07-12 13:14:05,11870325427,Morning Run,8.17,3060,2937.0,2.785,4.0,79.0,576.0,,,5.991432068543452,359.4859241126071,6.0919191919191915,50.6057289080881,189.0346158479665,211.74314394739068,0.8927543641976606,29.529999999999998,137.66000000000003,34.415000000000006,16.0,16.5,1.8378164699527635
2024-07-13 08:16:46,11876035152,Morning Run,17.12,5917,5911.0,2.898,33.0,80.0,1142.0,,,5.754478193146417,345.26869158878503,6.041675630231322,108.59569808268789,297.63031393065444,238.89206846806263,1.24587775491778,46.65,154.78000000000003,38.69500000000001,17.0,17.12,1.544343850352351
2024-07-15 19:02:17,11896552212,Afternoon Run,8.24,3000,2958.0,2.786,6.0,76.0,578.0,,,5.983009708737864,358.9805825242718,5.991432068543452,49.43889818521431,251.01846027981998,221.51863956161876,1.1331708283175665,40.13,142.09,35.5225,16.0,17.12,1.4204740260799633
2024-07-17 12:53:31,11910740025,Morning Run,4.35,1551,1551.0,2.81,2.0,80.0,293.0,,,5.942528735632185,356.55172413793105,5.991432068543452,26.277209628412717,277.2956699082327,217.15691050474737,1.276936889844777,44.480000000000004,139.14,34.785,16.0,17.12,0.5667122191120604
2024-07-19 14:15:12,11927916793,Lunch Run,4.6,1759,1731.0,2.658,7.0,75.0,342.0,,,6.271739130434783,376.304347826087,6.0919191919191915,27.21937278921596,211.5311786855309,212.19355936482052,0.9968784128921142,34.31,136.82000000000002,34.205000000000005,16.0,17.12,0.5474934989633311
2024-07-29 20:58:43,12019004736,Afternoon Run,6.68,2700,2628.0,2.542,8.0,73.0,497.0,,,6.5568862275449105,393.41317365269464,6.2275797810389,39.51094475892546,39.51094475892546,134.35592732975647,0.2940766778524908,6.68,86.43,21.6075,11.0,17.12,0.4904493328365243
2024-08-02 21:02:42,12058085444,Evening Run,6.52,2701,2577.0,2.531,4.0,76.0,500.0,,,6.587423312883437,395.2453987730062,6.2365969080633095,38.49704311285423,78.00798787177969,119.64344560131929,0.6520038559548097,13.2,77.04,19.26,10.0,17.12,1.1546856819751923
2024-08-04 09:25:18,12058974048,Morning Run,12.82,4691,4589.0,2.794,18.0,78.0,914.0,,,5.965938637545502,357.9563182527301,6.2275797810389,83.33891518149389,161.3469030532736,127.64572052693244,1.264021248712607,26.02,82.67999999999999,20.669999999999998,10.0,17.12,0.7750521924005083
2024-08-06 10:58:51,12076559707,Morning Run,10.01,3960,3690.0,2.714,20.0,78.0,715.0,,,6.143856143856144,368.6313686313686,6.226210116341738,63.15977652577931,184.99573482012744,132.2554305691254,1.398776095802255,29.35,85.11,21.2775,10.0,17.12,0.7043449189765305
2024-08-07 11:20:50,12085792401,Morning Run,10.63,3689,3605.0,2.95,12.0,79.0,720.0,,,5.652242082157416,339.1345249294449,6.2248404516445754,72.87338773635815,257.8691225564856,150.47377750321493,1.7137146872715157,39.980000000000004,95.74,23.935,11.0,17.12,0.09935823791112894
2024-08-09 21:08:12,12106265544,Evening Run,6.6,2700,2555.0,2.585,11.0,77.0,492.0,,,6.452020202020202,387.1212121212121,6.226210116341738,39.65479987874313,259.0268793223745,137.14151146992126,1.8887561945763294,40.06,87.57000000000001,21.892500000000002,10.0,17.12,0.43786616468186484
2024-08-10 08:25:51,12109398293,Morning Run,10.9,3930,3874.0,2.814,15.0,80.0,726.0,,,5.92354740061162,355.4128440366972,6.2248404516445754,71.30189609427019,330.3287754166447,127.81806097281684,2.5843669736696753,50.96000000000001,81.35,20.3375,10.0,12.82,0.21171477334304917
2024-08-12 21:34:31,12131752159,Evening Run com Uly miguel e heitor,7.01,3277,2766.0,2.535,7.0,77.0,496.0,,,6.576319543509273,394.5791726105564,6.226210116341738,41.322125851106556,288.3119860862573,125.78886788928989,2.2920310113611033,45.15,80.12,20.03,10.0,12.82,0.5951567715712945
2024-08-14 08:10:55,12143966761,Morning Run,14.03,6724,5195.0,2.701,35.0,80.0,934.0,,,6.171299596103587,370.27797576621526,6.226210116341738,88.13097728969218,313.2831868501702,147.82161221171293,2.1193327698353066,49.17,94.15,23.5375,11.0,14.03,0.44875855529993175
2024-08-16 21:26:20,12165770774,Evening Run,9.08,3660,3600.0,2.523,26.0,78.0,665.0,,,6.607929515418502,396.4757709251101,6.2275797810389,53.29163522938612,254.04663446445502,147.77037541465228,1.7191986807341144,41.02,94.28,23.57,10.0,14.03,0.8157785949626298
2024-08-17 09:13:37,12169157710,Morning Run,12.56,4500,4427.0,2.838,13.0,80.0,864.0,,,5.874469214437367,352.468152866242,6.226210116341738,82.88358980733135,265.6283281775162,168.49127286648513,1.5765108996951067,42.68,106.84,26.71,11.0,14.03,0.5354092949087119
2024-08-19 21:17:53,12190950633,Evening Run,8.63,3026,3000.0,2.878,2.0,79.0,592.0,,,5.793742757821552,347.62456546929315,6.2248404516445754,57.71756971510609,323.3458978926223,182.92066529526164,1.767683806368696,51.31,115.47,28.8675,12.0,14.03,0.2342311336629175
2024-08-23 20:33:03,12224887560,Afternoon Run,5.66,3128,2304.0,2.457,4.0,78.0,415.0,,,6.784452296819787,407.0671378091873,6.226210116341738,32.34068270470457,226.23347745652814,191.0058359714378,1.184432278238651,35.93,121.13,30.2825,13.0,14.03,0.6974520391938521
2024-08-25 08:42:22,12237399828,Morning Run,21.0,7078,7078.0,2.968,96.0,80.0,1508.0,,,5.617460317460318,337.04761904761904,6.226210116341738,144.91950003442295,234.9777524542336,227.23571098004354,1.0340705316114245,35.29,142.13,35.5325,14.0,21.0,0.002136051361850997
2024-08-29 13:08:38,12273084323,Morning Run,8.06,2951,2911.0,2.771,22.0,78.0,595.0,,,6.019437551695615,361.16625310173697,6.2248404516445754,51.88425410583008,229.1444368449576,230.3290383167697,0.9948569165205173,34.72,143.51,35.8775,14.0,21.0,-0.08985839210153115
2024-09-02 20:12:47,12310089421,Afternoon Run,7.49,2784,2700.0,2.776,6.0,78.0,522.0,,,6.008010680907877,360.4806408544726,6.198070023874081,47.892121821704166,99.77637592753425,211.8430791986087,0.470991907335293,15.55,131.66,32.915,13.0,21.0,-0.17739948107725498
2024-09-06 19:43:32,12344123455,Afternoon Run,18.01,7434,6875.0,2.62,22.0,78.0,1309.0,,,6.362206181750878,381.73237090505273,6.198070023874081,108.74741203452184,156.63953385622602,205.0216411417048,0.7640146327185113,25.5,129.03,32.2575,12.0,21.0,-0.33371440364530525
2024-09-09 21:05:30,12369803889,Evening Run,6.42,3391,2699.0,2.381,7.0,76.0,449.0,,,7.006749740394601,420.404984423676,6.198070023874081,35.1990853836239,143.94649741814575,186.08223849435745,0.7735638746763605,24.43,117.95,29.4875,11.0,21.0,0.4733904640286844
2024-09-11 20:31:02,12387178328,Afternoon Run,8.28,3258,2916.0,2.84,4.0,77.0,567.0,,,5.869565217391305,352.1739130434783,6.157577869979866,53.48650614387732,197.43300356202306,167.09058924512712,1.1815925986853915,32.71,105.19,26.2975,10.0,21.0,0.39564245954234806
2024-09-18 11:01:03,12440805887,Morning Run,5.04,2315,2170.0,2.326,13.0,77.0,362.0,,,7.175925925925926,430.55555555555554,6.0919191919191915,26.065187728072512,79.55169387194984,125.13368748918934,0.6357336339091145,13.320000000000004,79.96000000000001,19.990000000000002,8.0,21.0,2.1669954721209796
2024-09-21 21:04:51,12471132238,Amo recife,20.84,7253,7253.0,2.874,76.0,80.0,1464.0,,,5.800543825975688,348.03262955854126,6.055678371807403,131.75120744526103,157.81639517333355,149.98631867432846,1.0522052715755152,25.880000000000003,95.14000000000001,23.785000000000004,8.0,21.0,1.5230528682654907
2024-09-29 09:11:46,12599378721,Morning Run,16.08,7749,6806.0,2.363,73.0,77.0,1075.0,,,7.054311774461029,423.25870646766174,6.143856143856144,86.04258926081683,86.04258926081683,122.2960274544694,0.7035599688047949,16.08,82.16,20.54,7.0,20.84,1.9851604602303485
2024-10-04 22:08:14,12575582326,Corrida ao entardecer,4.58,1634,1581.0,2.9,12.5,,407.0,,,5.753275109170306,345.1965065502183,6.013724116301747,28.78971315263547,114.8323024134523,90.33357227857176,1.271202937257159,20.659999999999997,61.239999999999995,15.309999999999999,6.0,20.84,1.5510044869352828
2024-10-07 17:45:34,12664331878,Afternoon Run,5.38,2237,1978.0,2.721,20.0,81.0,367.0,,,6.1276332094175965,367.6579925650558,6.013724116301747,31.752396990696305,60.542110143331776,98.27167152624584,0.6160687938147316,9.96,66.61999999999999,16.654999999999998,7.0,20.84,1.7005727480096136
2024-10-15 20:21:43,12664682819,Afternoon Run,10.03,3948,3824.0,2.623,15.0,79.0,751.0,,,6.354270521768029,381.25623130608176,6.157577869979866,59.84874643007636,59.84874643007636,91.06246025188963,0.6572274268071342,10.03,61.94999999999999,15.487499999999997,6.0,20.84,0.7058359639471181
2024-11-06 20:06:27,12897450834,Afternoon Run,8.03,3292,3054.0,2.63,15.0,81.0,599.0,,,6.338729763387298,380.3237858032379,6.171299596103587,48.246583971213006,48.246583971213006,27.023832600322343,1.7853346223968807,8.03,18.059999999999995,4.514999999999999,2.0,10.03,0.781096849516791
2024-12-05 08:14:40,13050674454,Morning Run,8.33,3515,3398.0,2.454,37.0,78.0,614.0,,,6.798719487795118,407.92316926770707,6.354270521768029,49.47083936751975,49.47083936751975,12.367709841879938,4.0,8.33,8.33,2.0825,1.0,8.33,0.6536882579002106
2024-12-25 19:40:25,13189567887,Afternoon Run,13.02,5770,4947.0,2.632,30.0,78.0,985.0,,,6.332565284178187,379.95391705069125,6.338729763387298,82.61060116973297,82.61060116973297,33.02036013431318,2.5018080006913066,13.02,21.35,5.3375,2.0,13.02,0.8347383287597584
2024-12-30 09:11:08,13221586282,Morning Run,6.79,2704,2704.0,2.511,16.0,79.0,495.0,,,6.637211585665194,398.23269513991164,6.338729763387298,41.1044257997146,123.71502696944756,43.29646658424183,2.8573931484393893,19.81,28.14,7.035,3.0,13.02,2.760764813433943
2025-01-30 08:29:54,13490667633,Morning Run,4.2,1981,1930.0,2.178,0.0,74.0,303.0,,,7.658730158730158,459.5238095238095,6.637211585665194,24.158159671838842,24.158159671838842,6.0395399179597105,4.0,4.2,4.2,1.05,1.0,4.2,5.446224975258087
2025-02-02 20:18:53,13523406745,Afternoon Run,6.43,2834,2816.0,2.287,18.0,77.0,471.0,,,7.299118714359771,437.9471228615863,6.717965536730157,39.75722731497961,63.91538698681845,15.978846746704612,4.0,10.629999999999999,10.629999999999999,2.6574999999999998,2.0,6.43,5.356249618694808
2025-02-03 23:06:06,13532697754,Evening Run,6.31,2704,2688.0,2.349,7.0,79.0,477.0,,,7.0998415213946116,425.9904912836767,6.798719487795118,41.080427081689876,104.99581406850834,26.248953517127084,4.0,16.939999999999998,16.939999999999998,4.234999999999999,3.0,6.43,4.894193298453584
2025-02-06 20:58:10,13559437820,Afternoon Run,6.81,2765,2748.0,2.478,7.0,79.0,515.0,,,6.725403817914831,403.5242290748899,6.798719487795118,46.80400222356644,127.64165662023592,37.949954073018695,3.3634205821341268,19.55,23.75,5.9375,4.0,6.81,4.3382461784046145
2025-02-07 20:40:45,13567140169,Afternoon Run,4.09,1981,1910.0,2.143,11.0,76.0,304.0,,,7.78321108394458,466.99266503667485,6.949280504594865,25.377228107233265,153.01888472746919,44.29426109982701,3.4545984271553136,23.64,27.84,6.96,5.0,6.81,5.567226781314167
2025-02-09 22:13:48,13586791828,Evening Run,8.3,3711,3609.0,2.3,19.0,78.0,615.0,,,7.246987951807228,434.8192771084337,7.0998415213946116,57.73216744698632,170.99382485947592,58.727302961573585,2.911658057434725,25.51,36.14,9.035,6.0,8.3,5.397315035632475
2025-02-10 21:44:12,13594289499,Evening Run,6.8,2848,2829.0,2.406,4.0,77.0,493.0,,,6.9338235294117645,416.0294117647059,7.0168325254031885,48.28567985164525,219.27950471112115,70.7987229244849,3.097224012712889,32.31,42.94,10.735,7.0,8.3,4.769602845350753
2025-02-12 08:14:21,13606268504,Morning Run,8.2,3074,3074.0,2.67,4.0,79.0,560.0,,,6.247967479674798,374.87804878048786,6.9338235294117645,63.09873617717972,241.29781380661098,86.57340696877984,2.7872047809511296,34.2,51.14,12.785,8.0,8.3,3.2539713573860474
2025-02-15 09:40:10,13632253888,Morning Run,14.13,6695,6121.0,2.309,53.0,78.0,1092.0,,,7.219863175277188,433.1917905166313,7.0168325254031885,96.35969502382126,265.4762784996326,110.66333072473515,2.3989543488437053,37.43,65.27,16.3175,9.0,14.13,3.3541512106819473
2025-02-17 21:05:41,13655094997,Evening Run,8.35,3287,3139.0,2.661,13.0,78.0,575.0,,,6.2654690618762485,375.92814371257487,6.9338235294117645,64.07350096050658,271.8176120131528,126.68170596486179,2.1456737572554316,37.480000000000004,73.62,18.405,10.0,14.13,2.129782259000876
2025-02-20 20:25:23,13681941812,Afternoon Run,8.94,3343,3166.0,2.824,11.0,79.0,616.0,,,5.902311707680836,354.13870246085014,6.866271508603441,71.40971871317072,231.84291469749857,144.53413564315446,1.6040703026024516,31.42,82.56,20.64,11.0,14.13,0.5945006717257973
2025-02-21 09:58:51,13685398263,Morning Run,5.68,2524,2489.0,2.285,10.0,78.0,402.0,,,7.303403755868545,438.2042253521127,6.9338235294117645,37.39113032151153,269.2340450190101,153.88191822353235,1.7496145624329602,37.1,88.24,22.06,12.0,14.13,1.0813131548346013
2025-02-23 11:17:37,13705009299,Morning Run,12.71,6190,5331.0,2.384,42.0,79.0,896.0,,,6.990558615263571,419.43351691581427,6.962191072337667,88.13036016926746,261.00471016445636,175.91450826584924,1.4837020137646368,35.68,100.95,25.2375,13.0,14.13,1.1201387392891127
2025-02-24 21:30:40,13730257984,Evening Run,6.56,3583,2752.0,2.386,40.0,78.0,461.0,,,6.991869918699187,419.51219512195127,6.990558615263571,45.84946397889794,242.7806731828477,187.37687426057371,1.2956810926690305,33.89,107.51,26.8775,14.0,14.13,1.1502413311981725
2025-02-26 08:19:24,13730257987,Morning Run,3.01,844,844.0,3.575,0.0,79.0,176.0,,,4.6733111849390925,280.39867109634554,6.962191072337667,31.22005551410629,274.00072869695396,195.18188813910027,1.4038225129868704,36.9,110.52,27.63,15.0,14.13,-1.2487349305377757
2025-02-28 18:56:29,13753477706,Afternoon Run,13.12,5946,4807.0,2.729,37.0,80.0,909.0,,,6.10645325203252,366.38719512195127,6.9338235294117645,103.29763229085607,268.49751195312774,214.9667562938546,1.249018762631827,35.400000000000006,119.44,29.86,15.0,14.13,-1.8629008702529926
2025-03-05 19:55:46,13801183179,Afternoon Run,10.06,3747,3664.0,2.746,17.0,78.0,704.0,,,6.070245195493705,364.21471172962225,6.9338235294117645,79.6777965828325,182.9754288736886,214.67679184039534,0.8523298084765698,23.18,116.76,29.19,14.0,14.13,-3.8122548704810293
2025-03-07 18:27:06,13816866867,Afternoon Run,7.52,3114,3020.0,2.493,31.0,79.0,562.0,,,6.6932624113475185,401.5957446808511,6.829613673663298,52.40494438857332,235.3803732622619,216.07702738164707,1.0893354842693213,30.700000000000003,117.47,29.3675,14.0,14.13,-3.489310813428651
2025-03-08 08:46:20,13821600912,Morning Run,17.25,7550,7204.0,2.396,42.0,78.0,1220.0,,,6.960386473429952,417.6231884057971,6.9338235294117645,119.1519937692457,251.23473474065153,239.52071879715018,1.0489060654223485,34.83,130.63,32.6575,14.0,17.25,-2.8538170470913844
2025-03-10 20:03:18,13846330919,Afternoon Run,5.82,2648,2487.0,2.34,4.0,77.0,411.0,,,7.121993127147767,427.319587628866,6.947105001420859,39.43929658002244,290.674031320674,234.94750108040918,1.2371871587652798,40.650000000000006,128.15,32.0375,14.0,17.25,-2.094567990028306
2025-03-12 08:41:39,13859867507,Morning Run,7.6,3372,3004.0,2.532,49.0,80.0,545.0,,,6.587719298245615,395.2631578947369,6.9338235294117645,55.465645978372535,346.1396772990465,220.96780856779608,1.5664710599365244,48.25,120.75,30.1875,13.0,17.25,-2.118341648292554
2025-03-14 08:25:23,13878379148,Morning Run,7.22,3068,3033.0,2.382,11.0,79.0,509.0,,,7.001385041551246,420.0831024930748,6.947105001420859,49.76923454081756,316.2311152570316,233.41011720300048,1.3548303691651908,45.41,127.97,31.9925,14.0,17.25,-1.6314862608656484
2025-03-15 07:30:50,13886830909,Morning Run,22.13,9099,9046.0,2.447,40.0,80.0,1557.0,,,6.812773007983131,408.7663804789878,6.9338235294117645,156.17196097735902,419.9981318458173,272.45310744734024,1.5415428210045083,60.02,150.1,37.525,15.0,22.13,-1.4380110361120961
2025-03-17 21:10:50,13911055907,Evening Run,3.83,1757,1665.0,2.301,6.0,78.0,269.0,,,7.245430809399478,434.72584856396867,6.947105001420859,25.511869607551596,286.91871110410074,238.72277585314617,1.2018908128003798,40.78,131.45,32.8625,14.0,22.13,-0.8051051664311855
2025-03-17 21:41:23,13911150003,Evening Run,1.7,757,721.0,2.362,4.0,78.0,128.0,,,7.068627450980393,424.11764705882354,6.960386473429952,11.651465059137935,298.57017616323867,241.63564211793067,1.2356214238358139,42.480000000000004,133.15,33.2875,15.0,22.13,-0.4644225333822199
2025-03-19 08:05:10,13924133269,Morning Run,9.72,3966,3485.0,2.79,6.0,79.0,723.0,,,5.975651577503429,358.53909465020575,6.947105001420859,78.5034465130984,377.0736226763371,261.2615037462053,1.443280457585646,52.2,142.87,35.7175,16.0,22.13,-1.1842844355457147
2025-03-21 08:52:14,13943359074,Morning Run,9.22,3634,3608.0,2.556,13.0,78.0,661.0,,,6.522053506869125,391.3232104121475,6.9338235294117645,67.96606591597201,339.804808073119,260.4005905469056,1.304931019393792,46.6,143.15,35.7875,16.0,22.13,-1.3152828640126202
2025-03-22 08:34:58,13953080720,Morning Run,18.39,7303,7273.0,2.529,45.0,78.0,1317.0,,,6.591444625702374,395.48667754214244,6.8732982686974475,131.80488380137734,315.4377308971373,284.004028916872,1.110680479076816,42.86,155.85999999999999,38.964999999999996,16.0,22.13,-1.3648933256098996
2025-03-24 09:35:45,13971329969,Morning Run,6.31,2721,2660.0,2.372,4.0,77.0,433.0,,,7.025884838880085,421.5530903328051,6.9338235294117645,43.179131324757066,358.6168622218944,272.76622170574444,1.314740732849114,49.17,149.46,37.365,16.0,22.13,-1.0414342805891064
2025-03-26 08:16:32,13990278896,Morning Run,8.86,3238,2961.0,2.992,8.0,80.0,606.0,,,5.569977426636569,334.19864559819416,6.9338235294117645,76.47612167564147,319.4262027177479,280.4228861299303,1.139087494341478,42.78,151.76000000000002,37.940000000000005,16.0,22.13,-3.3930581399831565
2025-03-30 08:44:46,14028693174,Morning Run,20.05,9242,8318.0,2.411,74.0,77.0,1464.0,,,6.914380714879467,414.8628428927681,6.924102122145616,139.0234358081164,258.67868880851495,281.54932313071885,0.9187686403650652,35.22,155.67999999999998,38.919999999999995,15.0,22.13,-2.9286604300272687
2025-03-31 22:13:01,14043469603,Evening Run,10.04,3995,3606.0,2.787,15.0,77.0,696.0,,,5.986055776892431,359.16334661354585,6.924102122145616,80.41181832034573,295.9113758041036,301.65227771080527,0.9809684781753729,38.95,165.71999999999997,41.42999999999999,16.0,22.13,-4.828059653917025
2025-04-02 08:38:10,14056480164,Morning Run,8.77,3147,2975.0,2.95,8.0,80.0,574.0,,,5.653743823641202,339.2246294184721,6.914380714879467,74.16005520541498,293.59530933387714,320.192291512159,0.9169343457561911,38.86,174.48999999999998,43.622499999999995,17.0,22.13,-5.623902710942928
2025-04-04 21:48:06,14081804304,Evening Run,4.42,1969,1822.0,2.431,42.0,80.0,314.0,,,6.87028657616893,412.21719457013575,6.892333645524198,30.56187547508371,324.15718480896084,294.81207513807846,1.0995383572980797,43.28,161.33,40.3325,16.0,22.13,-4.936959782968708
2025-04-05 07:05:12,14085098303,Morning Run,24.13,9216,9209.0,2.621,103.0,80.0,1634.0,,,6.360685177510706,381.64111065064236,6.87028657616893,179.06187469370315,503.219059502664,339.57754381150426,1.4818973417806311,67.41,185.46,46.365,17.0,24.13,-4.874121112368909
2025-04-07 22:19:05,14111584057,Evening Run,10.91,4255,4207.0,2.594,11.0,78.0,759.0,,,6.4268255423159175,385.6095325389551,6.84152979207603,79.45746119939925,363.2412665736011,319.794086524037,1.135859860705393,48.230000000000004,173.3,43.325,16.0,24.13,-4.734480912467246
2025-04-09 08:05:27,14124563278,Morning Run,10.37,3707,3437.0,3.019,15.0,79.0,698.0,,,5.523947283831566,331.4368370298939,6.812773007983131,87.13187689777443,450.37314347137556,341.57705574848063,1.3185111115982175,58.6,183.67000000000002,45.917500000000004,17.0,24.13,-5.422834643438732
2025-04-11 20:35:59,14149371177,Afternoon Run,4.35,1809,1809.0,2.407,6.0,76.0,302.0,,,6.931034482758621,415.86206896551727,6.84152979207603,29.376337046583224,405.58942531254377,322.61241988032896,1.2572033818877606,54.18000000000001,173.20000000000002,43.300000000000004,16.0,24.13,-4.758275288693498
2025-04-12 07:32:28,14154557199,Morning Run,19.14,7209,7196.0,2.661,41.0,79.0,1331.0,,,6.266109369557645,375.9665621734587,6.812773007983131,141.77243571135483,337.7381108551117,319.0125385638279,1.0586985463818601,44.77000000000001,170.20999999999998,42.552499999999995,16.0,24.13,-4.7338609976162225
2025-04-14 19:48:12,14178323091,Afternoon Run,6.79,2897,2704.0,2.512,8.0,74.0,486.0,,,6.637211585665194,398.23269513991164,6.769088412948981,46.87534583051454,384.61345668562626,330.73137502145653,1.1629179622304477,51.56000000000001,177.0,44.25,17.0,24.13,-4.403727732340905
2025-04-19 08:12:57,14221420719,Morning Run,25.21,9709,9623.0,2.62,33.0,79.0,1705.0,,,6.361893428533651,381.71360571201905,6.725403817914831,179.2351518502803,226.11049768079482,329.63195121008664,0.6859483640792037,32.00000000000001,177.73999999999998,44.434999999999995,14.0,25.21,-4.27583276994608
2025-04-21 20:36:16,14246457775,Afternoon Run,7.12,2800,2707.0,2.63,13.0,78.0,480.0,,,6.336610486891386,380.19662921348316,6.709333114631175,50.580333865528516,229.8154857158088,298.5310308949351,0.7698210970794858,32.330000000000005,160.16,40.04,13.0,25.21,-4.170640519750482
2025-04-24 19:11:13,14276177135,Afternoon Run,11.06,4273,3880.0,2.85,38.0,79.0,755.0,,,5.846895720313442,350.8137432188065,6.6932624113475185,84.74332161590203,314.55880733171085,300.5978308800003,1.0464440359095066,43.39000000000001,162.35999999999999,40.589999999999996,13.0,25.21,-4.417707605041173
2025-04-26 07:45:40,14289608626,Morning Run,24.79,9172,9007.0,2.753,81.0,80.0,1661.0,,,6.055533145085384,363.331988705123,6.665236998506357,181.86759928125332,496.4264066129642,346.06473070031365,1.4344900319901748,68.18,187.14999999999998,46.787499999999994,14.0,25.21,-4.468356113546273
2025-05-02 07:56:39,14351934693,Morning Run,7.08,3011,3011.0,2.354,45.0,78.0,481.0,,,7.08804143126177,425.2824858757062,6.665236998506357,44.37498334536623,226.24258262661954,283.7596492031859,0.7973035745636219,31.870000000000005,155.37,38.8425,12.0,25.21,-3.27109199005061
2025-05-04 06:55:17,14371553182,Night Run,6.68,2762,2762.0,2.42,66.0,78.0,466.0,,,6.891217564870259,413.4730538922156,6.665236998506357,43.06373495996143,87.43871830532765,242.11964540097952,0.36113847003417887,13.760000000000007,133.5,33.375,11.0,25.21,-2.4922373828067395
2025-05-04 07:42:55,14372579639,Morning Run,16.81,6557,6234.0,2.697,133.0,79.0,1152.0,,,6.180844735276622,370.8506841165973,6.637211585665194,119.80948587534938,207.24820418067705,272.0720168698169,0.7617402427675712,30.570000000000007,150.31,37.5775,12.0,25.21,-2.5592245408448946
2025-05-05 20:54:47,14388795354,Afternoon Run,4.27,1853,1805.0,2.369,11.0,79.0,295.0,,,7.045277127244341,422.7166276346605,6.637211585665194,26.699376489396855,233.9475806700739,278.7468609921661,0.8392832831816132,34.84,154.57999999999998,38.644999999999996,13.0,25.21,-1.8839344823889368
2025-05-07 09:35:15,14403503271,Morning Run,8.41,3026,2945.0,2.857,14.0,80.0,549.0,,,5.836305984938566,350.1783590963139,6.614328105683784,63.041917121096965,296.9894977911709,252.8600057481469,1.1745214388983989,43.25,141.70999999999998,35.427499999999995,12.0,25.21,-2.1916535962189814
2025-05-09 09:37:19,14424086729,Morning Run,7.68,3006,2920.0,2.632,20.0,79.0,551.0,,,6.336805555555555,380.20833333333337,6.587719298245615,52.5970044245437,305.21151887034836,266.0092568542828,1.1473717963038412,43.85000000000001,149.39,37.3475,13.0,25.21,-1.5467606216573282
2025-05-25 19:27:20,14594928488,Afternoon Run,15.0,6018,6013.0,2.495,51.0,78.0,1098.0,,,6.681111111111111,400.8666666666667,6.55488640255737,96.46569642954022,96.46569642954022,111.51304966131369,0.8650619521439407,15.0,65.92999999999999,16.482499999999998,7.0,16.81,-0.10741398488652101
2025-05-26 21:46:08,14605093754,Evening Run,8.61,3669,3610.0,2.387,26.0,78.0,664.0,,,6.987998451413086,419.2799070847852,6.55488640255737,52.93960429204259,149.40530072158282,124.74795073432435,1.1976573550275886,23.61,74.53999999999999,18.634999999999998,8.0,16.81,0.8608522306279984
2025-05-28 08:31:19,14618760629,Morning Run,7.67,2808,2706.0,2.837,2.0,81.0,516.0,,,5.880052151238592,352.8031290743155,6.55488640255737,56.04598747247359,205.4512881940564,138.75944760244275,1.4806291877342381,31.28,82.21,20.5525,9.0,16.81,-1.0770446500114628
2025-06-01 20:36:01,14667495918,Afternoon Run,15.87,6755,6604.0,2.404,47.0,78.0,1230.0,,,6.935517748372191,416.13106490233145,6.589581961973995,99.36049984769257,208.34609161220874,111.78752151919662,1.8637687711542177,32.15,67.50999999999999,16.877499999999998,7.0,15.87,-0.8795876064586075
2025-06-04 21:16:24,14699042179,Evening Run,12.16,4945,4528.0,2.686,82.0,80.0,905.0,,,6.206140350877193,372.36842105263156,6.589581961973995,85.0800448941856,184.44054474187817,110.62220934011955,1.6673012213559795,28.03,66.99,16.7475,6.0,15.87,-1.3704472029674337
2025-06-07 07:30:55,14721834111,Morning Run,26.11,9713,9555.0,2.733,104.0,81.0,1771.0,,,6.099195710455764,365.9517426273459,6.522053506869125,182.09709498552516,366.5376397274033,142.99723198036492,2.5632498940799984,54.14,85.42,21.355,6.0,26.11,-1.3127488837166577
2025-06-11 09:04:26,14763691155,Morning Run,5.36,2394,1989.0,2.695,22.0,77.0,333.0,,,6.184701492537313,371.08208955223876,6.3943594854247845,35.43562876414289,302.61276864385366,151.85613917140066,1.9927595307970616,43.63,90.78,22.695,7.0,26.11,-1.0722960403520105
2025-06-14 08:04:41,14794624503,Morning Run,17.02,7244,6824.0,2.495,65.0,78.0,1193.0,,,6.682334508421465,400.9400705052879,6.361893428533651,103.08705270951498,138.52268147365788,177.6279023487794,0.7798475331970263,22.38,107.8,26.95,8.0,26.11,-0.28248788574798905
2025-06-19 18:38:59,14853363228,Afternoon Run,8.35,3158,3008.0,2.776,27.0,82.0,593.0,,,6.003992015968064,360.23952095808386,6.34874536653313,56.05601067467741,159.14306338419243,191.64190501744875,0.8304189178755171,25.369999999999997,116.14999999999999,29.037499999999998,9.0,26.11,0.14828758939877162
2025-06-21 10:20:23,14869948155,Morning Run,3.99,1519,1511.0,2.645,25.0,83.0,231.0,,,6.311612364243943,378.69674185463657,6.336708021223471,25.383994810441898,81.44000548511934,197.98790372005922,0.41133828862731786,12.34,120.14,30.035,10.0,26.11,0.22329523670121962
2025-06-22 08:56:16,14881522479,Morning Run,42.81,17403,16961.0,2.524,182.0,82.0,2987.0,,,6.603207973214981,396.1924783928988,6.336805555555555,260.3340735280954,341.77407901321476,263.0714221020831,1.2991684018060754,55.150000000000006,162.95,40.7375,11.0,42.81,0.38058321390866334
2025-10-14 09:42:12,16135943759,De volta,7.08,2912,2779.0,2.548,64.0,79.0,520.0,,,6.541902071563089,392.5141242937853,6.222889556222889,41.90958934538786,41.90958934538786,10.477397336346964,4.0,7.08,7.08,1.77,1.0,7.08,
2025-10-16 09:46:36,16157952392,GPS quebrado pra cRalho,5.18,2468,2176.0,2.381,51.0,79.0,392.0,,,7.001287001287001,420.0772200772201,6.222889556222889,28.650754626267517,70.56034397165537,17.640085992913843,4.0,12.26,12.26,3.065,2.0,7.08,
2025-10-18 21:36:13,16185035158,Encaixou finalmente,10.0,3521,3521.0,2.84,,,885.0,,,5.868333333333333,352.1,6.541902071563089,72.92783194647221,143.48817591812758,35.872043979531895,4.0,22.259999999999998,22.259999999999998,5.5649999999999995,3.0,10.0,
2025-10-28 08:48:28,16279334463,Morning Run,7.34,3043,2856.0,2.57,61.0,81.0,536.0,,,6.485013623978202,389.1008174386921,6.5134578477706455,48.018476947710845,48.018476947710845,47.876663216459605,1.0029620638057015,7.34,29.6,7.4,4.0,10.0,-4.404866148849201
2025-11-02 08:10:35,16329063453,Quebrei kkkk,12.1,4659,4603.0,2.629,70.0,77.0,932.0,,,6.3402203856749315,380.41322314049586,6.485013623978202,80.26067386525753,128.27915081296837,67.941831682774,1.8880731890172506,19.439999999999998,41.7,10.425,5.0,12.1,-4.182163308363985
2025-11-05 22:56:43,16369038581,TROPA DOS GORILAS 🦍 🦍,3.8,1742,1717.0,2.215,35.0,78.0,289.0,,,7.530701754385966,451.8421052631579,6.5134578477706455,21.407766655731557,101.6684405209891,73.29377334670687,1.3871361219193814,15.899999999999999,45.5,11.375,6.0,12.1,9.625764139361058
2025-11-05 23:36:13,16369038593,Volta pra casa,5.1,2011,1745.0,2.926,62.0,80.0,371.0,,,5.7026143790849675,342.15686274509807,6.485013623978202,37.61126641718465,139.27970693817375,82.69658995100303,1.6842255166832838,21.0,50.6,12.65,7.0,12.1,0.5377477122650838
2025-11-10 20:26:36,16418314493,Afternoon Run,11.15,5216,4275.0,2.61,91.0,80.0,779.0,,,6.390134529147982,383.4080717488789,6.4375740765630916,72.31182877207831,131.33086184499453,100.77454714402262,1.303214606931472,20.049999999999997,61.75,15.4375,8.0,12.1,-0.3755868371791767
2025-11-12 20:26:20,16439776088,Afternoon Run,9.09,3687,3504.0,2.596,47.0,81.0,654.0,,,6.424642464246425,385.47854785478546,6.424642464246425,58.4,189.73086184499454,104.89714980767565,1.8087322886547232,29.14,63.760000000000005,15.940000000000001,8.0,12.1,-0.6357620906733601
2025-11-27 20:45:16,16586724702,Afternoon Run,6.16,3715,2296.0,2.686,11.0,81.0,408.0,,,6.212121212121212,372.7272727272727,6.4073884966972035,40.71016901083749,40.71016901083749,77.67542618027238,0.5241061557403706,6.16,47.4,11.85,6.0,12.1,-2.035653313836182
2025-12-05 21:36:18,16660427806,Treino Regenerativo Z1,5.06,2300,1564.0,3.236,56.0,82.0,312.0,,,5.151515151515152,309.0909090909091,6.390134529147982,40.10841851068081,40.10841851068081,52.88260407339915,0.7584425769769539,5.06,31.46,7.865,4.0,11.15,-7.375612037187444
2026-01-11 20:25:18,17108589814,Afternoon Run,7.62,3038,2982.0,2.556,25.0,80.0,558.0,,,6.5223097112860895,391.33858267716533,6.4073884966972035,47.96403026483761,47.96403026483761,11.991007566209403,4.0,7.62,7.62,1.905,1.0,7.62,-2.1947117019060873
2026-01-19 20:09:31,17108589839,Afternoon Run,8.5,3644,3258.0,2.609,39.0,79.0,618.0,,,6.388235294117647,383.29411764705884,6.389184911632814,54.31614469763131,54.31614469763131,25.57004374061723,2.124210081477169,8.5,16.12,4.03,2.0,8.5,-0.9655580258284049
2026-01-22 22:42:24,17144478113,Evening Run,4.4,1544,1544.0,2.85,0.0,79.0,299.0,,,5.848484848484849,350.9090909090909,6.388235294117647,30.702314430679305,85.01845912831061,33.24562234828706,2.5572828277251696,12.9,20.520000000000003,5.130000000000001,3.0,8.5,-1.642109998356705
2026-02-02 21:30:58,17265791069,Corrida noturna,10.2,3960,3960.0,2.576,,,902.0,,,6.470588235294118,388.2352941176471,6.389184911632814,64.34981797268466,64.34981797268466,49.33307684145822,1.3043949839067561,10.2,30.72,7.68,4.0,10.2,-0.7277346735877976
2026-02-25 08:25:44,17537250953,Morning Run,4.76,2096,1651.0,2.886,7.0,81.0,325.0,,,5.780812324929972,346.8487394957983,6.212121212121212,31.775904744265514,31.775904744265514,24.031430679237545,1.3222643781969656,4.76,14.959999999999999,3.7399999999999998,2.0,10.2,1.626209507808272
2026-02-28 08:29:07,17551195429,Morning Run,14.02,6102,5527.0,2.538,98.0,79.0,1197.0,,,6.570375653827865,394.2225392296719,6.388235294117647,87.08024070013012,118.85614544439564,45.80149085427007,2.5950278741486574,18.78,28.979999999999997,7.244999999999999,3.0,14.02,4.2271114724246655
2026-03-02 08:09:49,17573375445,Morning Run,10.04,4195,3729.0,2.693,22.0,80.0,776.0,,,6.190239043824701,371.4143426294821,6.289237168971174,64.1537780739755,183.00992351837112,61.83993537276395,2.9594132402501483,28.82,39.019999999999996,9.754999999999999,4.0,14.02,3.6279437449844547
2026-03-04 08:09:13,17598019282,Morning Run,10.0,3861,3553.0,2.816,37.0,79.0,768.0,,,5.921666666666667,355.3,6.190239043824701,64.70992302790614,247.71984654627727,61.92996163656932,4.0,38.82,38.82,9.705,4.0,14.02,2.780471527306034
2026-03-05 20:59:25,17620513496,Afternoon Run,8.01,3798,3369.0,2.38,25.0,79.0,645.0,,,7.009987515605493,420.5992509363296,6.289237168971174,45.1971672812398,261.14110908325154,73.22925345687926,3.566076352765543,42.07,46.83,11.7075,5.0,14.02,3.8153610237275335
2026-03-06 19:20:12,17628754871,Afternoon Run,16.01,6717,6314.0,2.537,64.0,79.0,1306.0,,,6.572975223818446,394.37851342910676,6.429411764705883,100.68663292696083,361.8277420102124,98.40091168861947,3.6770771306995873,58.08,62.84,15.71,6.0,16.01,0.692219070749675
2026-03-09 21:33:32,17666391782,Evening Run,9.5,4136,3904.0,2.434,37.0,79.0,746.0,,,6.849122807017544,410.94736842105266,6.470588235294118,58.07325642407396,268.66697966018074,112.91922579463797,2.3792846414727946,43.519999999999996,72.34,18.085,7.0,16.01,1.5984180639597523
2026-03-11 08:07:53,17682499120,Morning Run,10.86,4485,4357.0,2.494,68.0,79.0,888.0,,,6.686617556783302,401.1970534069982,6.496448973290104,68.5449405621326,337.2119202223133,130.0554609351711,2.5928316873245616,54.379999999999995,83.2,20.8,8.0,16.01,1.9837174808830964
2026-03-14 08:26:44,17718135436,Morning Run,18.01,8092,6557.0,2.747,91.0,80.0,1393.0,,,6.067925226725892,364.07551360355353,6.470588235294118,124.26848963019532,250.88668661640187,161.12258334271993,1.5571168324849094,38.370000000000005,101.21000000000001,25.302500000000002,9.0,18.01,1.2544299082949206
2026-03-16 08:09:45,17740307287,Morning Run,10.76,4641,4119.0,2.614,64.0,82.0,890.0,,,6.38011152416357,382.80669144981414,6.429411764705883,69.71504021572741,320.6017268321293,178.5513433966518,1.7955716307320781,49.13,111.97,27.9925,10.0,18.01,1.1533188846490419
2026-03-18 08:08:44,17764454443,Morning Run,11.2,4961,4491.0,2.495,162.0,79.0,906.0,538.0,198.0,6.683035714285714,400.9821428571429,6.470588235294118,70.16681575376819,264.1503455996909,196.09304733509384,1.347066350334682,39.97,123.17,30.7925,11.0,18.01,1.4945812393420894
2026-03-19 21:41:36,17785161411,Evening Run,12.03,4360,4005.0,3.005,9.0,82.0,878.0,524.0,208.0,5.548628428927681,332.9177057356609,6.429411764705883,89.62361674071771,353.7739623404086,218.49895152027327,1.6191105718307484,52.0,135.2,33.8,12.0,18.01,0.2959608454383792
2026-03-22 08:53:26,17813562974,Morning Run,17.02,7568,5946.0,2.863,34.0,79.0,1264.0,727.0,189.0,5.822561692126909,349.3537015276146,6.388235294117647,119.29088615477009,348.7963588649834,248.32167305896579,1.4046150485711297,51.00999999999999,152.22,38.055,13.0,18.01,-0.3881135254062966
2026-03-23 08:09:50,17825144079,Morning Run,11.22,4514,3604.0,3.115,24.0,83.0,820.0,515.0,214.0,5.353535353535354,321.2121212121212,6.384173409140608,85.42038644084455,364.50170509010053,269.6767696691769,1.3516244114658045,51.47,163.44,40.86,14.0,18.01,-1.4791632583304875
2026-03-25 08:10:07,17850783902,Morning Run,10.98,4229,4175.0,2.63,11.0,80.0,869.0,533.0,213.0,6.337279902853672,380.23679417122037,6.38011152416357,70.52709428313813,364.8619836194705,287.30854323996147,1.269930853795517,51.25,174.42,43.605,15.0,18.01,-1.2924129276645335
2026-03-27 08:09:23,17874363599,Morning Run,10.03,3533,3458.0,2.901,10.0,81.0,776.0,409.0,204.0,5.746095048188767,344.76570289132604,6.358695713508621,70.57716565845367,345.8155325372064,297.0088584685085,1.164327334613398,49.25,179.69,44.9225,15.0,18.01,-1.7624887487981855
2026-03-29 07:31:33,17897662788,Morning Run treininho leve Z0,21.14,7097,7097.0,2.979,36.0,81.0,1631.0,895.0,213.0,5.595238095238095,335.7142857142857,6.337279902853672,151.73724330897164,497.55277584617806,313.1731091207189,1.5887468028245884,70.39,186.81,46.7025,15.0,21.14,-2.3109030360994005
2026-03-30 08:10:32,17909757091,Morning Run,10.5,4004,3581.0,2.934,5.0,83.0,788.0,441.0,201.0,5.6841269841269835,341.04761904761904,6.263759473339187,72.47624303939796,365.3177462899614,315.25372536207453,1.1588054855510033,52.65,187.27,46.8175,15.0,21.14,-2.6748415012105893
2026-04-02 08:04:48,17948331833,Morning Run,23.02,8933,8020.0,2.87,61.0,82.0,1742.0,964.0,198.0,5.806545033304372,348.3927019982624,6.190239043824701,151.91559572548746,446.70624773231077,337.0551435364698,1.3253209639388772,64.69,200.29000000000002,50.072500000000005,15.0,23.02,-2.8650531493179052
2026-04-07 19:09:51,18018543516,Afternoon Run,11.5,4688,3884.0,2.963,13.0,81.0,913.0,542.0,208.0,5.628985507246377,337.7391304347826,6.129082135275297,76.74650243543886,228.66209816092632,305.2525049872609,0.7490916353674774,34.519999999999996,178.26999999999998,44.567499999999995,13.0,23.02,-3.1886238420559048
2026-04-08 21:22:46,18033820293,Evening Run,12.3,4693,4472.0,2.75,8.0,76.0,958.0,575.0,210.0,6.059620596205962,363.5772357723577,6.067925226725892,74.73776723518574,303.3998653961121,306.80071165552414,0.9889151291694834,46.82,179.71,44.9275,13.0,23.02,-3.0437820302527094
2026-04-09 21:11:31,18047155256,Evening Run,12.01,5655,4292.0,2.799,10.0,82.0,918.0,516.0,183.0,5.956147654732168,357.3688592839301,6.063772911465927,74.14184840268393,225.62611807330853,325.33617375619514,0.6935168489514213,35.81,191.72,47.93,14.0,23.02,-3.0070404921493683
2026-04-11 07:39:19,18063772567,Morning Run,15.18,7090,5090.0,2.984,42.0,84.0,1099.0,692.0,196.0,5.588493631971892,335.30961791831356,6.059620596205962,99.73965858691872,325.36577666022725,350.2710884029248,0.9288970384160042,50.99,206.9,51.725,15.0,23.02,-3.2695379578438764
2026-05-13 20:58:25,18496366781,Afternoon Run,9.06,3521,3409.0,2.658,9.0,80.0,798.0,382.0,198.0,6.2711552612214865,376.26931567328916,6.007884125469065,52.1463289718929,52.1463289718929,13.036582242973225,4.0,9.06,9.06,2.265,1.0,9.06,-3.9641053182571726
2026-05-16 20:29:06,18534911117,Afternoon Run,10.07,4825,3785.0,2.661,14.0,81.0,814.0,400.0,173.0,6.264481959616021,375.8689175769613,6.059620596205962,59.02488828401012,111.17121725590302,27.792804313975754,4.0,19.130000000000003,19.130000000000003,4.782500000000001,2.0,10.07,-2.405039928354499
2026-07-13 20:23:25,19300242005,Corrida da tarde,6.8,2689,2521.0,2.701,6.0,78.0,554.0,272.0,191.0,6.178921568627451,370.7352941176471,6.264481959616021,43.18834439765988,43.18834439765988,10.79708609941497,4.0,6.8,6.8,1.7,1.0,6.8,
2026-07-15 21:23:31,19329188773,Corrida ao entardecer,7.34,3150,2777.0,2.644,12.0,79.0,621.0,287.0,181.0,6.305631244323342,378.33787465940054,6.267818610418754,45.729908204929174,88.91825260258906,22.229563150647266,4.0,14.14,14.14,3.535,2.0,7.34,-0.1636363314706226
2026-08-06 21:20:23,19633294742,Corrida ao entardecer,7.11,3933,2435.0,2.924,8.0,81.0,535.0,343.0,192.0,5.707923112986404,342.47538677918425,6.264481959616021,48.883445834461384,48.883445834461384,34.45042460926261,1.4189504596503055,7.11,21.25,5.3125,3.0,7.34,-1.750431864469976
2026-08-10 20:41:43,19686996040,Corrida da tarde,5.01,2223,1759.0,2.853,10.0,80.0,393.0,214.0,186.0,5.85163007318696,351.0978043912176,6.221701764121736,33.142040339397596,82.02548617385898,31.938848594697042,2.568204233495069,12.120000000000001,19.46,4.865,3.0,7.34,-1.9605563011601554
2026-08-13 21:17:20,19731014712,Corrida ao entardecer,5.0,1865,1410.0,3.552,9.0,83.0,367.0,293.0,238.0,4.7,282.0,6.015275820907205,38.49313106552218,120.51861723938116,30.129654309845286,4.000000000000001,17.12,17.119999999999997,4.279999999999999,3.0,7.11,-4.656892122757437
2026-08-19 22:02:11,19815605048,Corrida ao entardecer,5.02,1876,1432.0,3.51,9.0,83.0,365.0,285.0,234.0,4.754316069057105,285.25896414342634,5.779776593086682,35.272624125838085,73.76575519136026,38.94781034130481,1.8939641162093888,10.02,22.14,5.535,4.0,7.11,-15.950017470583008
2026-08-21 18:28:22,19841462336,Afternoon  Run com o FOFINHO do Pedro Uchoas,10.01,5600,4205.0,2.382,17.0,75.0,832.0,428.0,177.0,7.001332001332001,420.0799200799201,5.85163007318696,48.95613589159675,84.22876001743484,51.186844314203995,1.6455157794140856,15.03,32.15,8.0375,5.0,10.01,-6.496011595052452
2026-08-30 11:31:15,19962569922,Corrida matinal,6.51,3151,2079.0,3.132,18.0,81.0,526.0,379.0,228.0,5.32258064516129,319.35483870967744,5.779776593086682,40.85835165340598,40.85835165340598,61.40143222755549,0.6654299447280602,6.51,38.66,9.665,6.0,10.01,-6.837077078761997
2026-09-01 21:02:06,19996662293,Corrida ao entardecer,3.02,846,846.0,3.57,0.0,85.0,203.0,95.0,202.0,4.66887417218543,280.1324503311258,5.707923112986404,21.0741953815629,61.932547034968884,66.66998107294621,0.9289420221554597,9.53,41.68,10.42,7.0,10.01,-9.165723641988262
2026-09-04 19:26:14,20037704523,Corrida da tarde,5.01,1465,1465.0,3.421,5.0,81.0,389.0,264.0,255.0,4.873586161011311,292.41516966067866,5.515251879073848,31.269416697746696,93.20196373271558,62.26647378876755,1.4968241826073758,14.54,39.58,9.895,7.0,10.01,-9.781163744850414
2026-09-04 20:10:13,20038077887,Corrida da tarde,4.13,2000,1978.0,2.089,7.0,72.0,361.0,131.0,154.0,7.98224374495561,478.9346246973366,5.707923112986404,16.85703914446117,110.05900287717675,66.48073357488283,1.6555022328868867,18.669999999999998,43.71,10.9275,8.0,10.01,-2.808388322983203
2026-09-11 03:39:01,20125399385,Course à pied de nuit,3.06,1625,1233.0,2.482,16.0,74.0,258.0,136.0,174.0,6.715686274509804,402.94117647058823,5.779776593086682,15.221348536475386,63.34780437868325,52.377277857771745,1.209452017546645,12.2,36.76,9.19,7.0,10.01,-0.0051923017276419
2026-09-13 19:52:31,20163623185,Course à pied dans l'après-midi,5.51,3004,1480.0,3.729,19.0,83.0,392.0,385.0,229.0,4.476709013914096,268.60254083484574,5.707923112986404,40.10042371648028,55.32177225295567,62.40238378689182,0.8865329959490507,8.57,42.269999999999996,10.567499999999999,8.0,10.01,-2.90603863054356
